Name,Sex,Marital,Age,Income,CreditAppAmount,OtherDebts,DelinquencyInfo,DebtRestruct,BorrowingRatio,JobType,Occupation,Industry,Education,Dependents,OwnHouse,Foreigner,Phone,EmploymentYears,Guarantor,Collateral
1,女,既,51,3350000,2910000,1410000,0,0,0.42 ,2,販売スタッフ,小売り,4,3,0,0,1,10,0,0
2,女,未,26,5490000,3170000,0,0,0,0.00 ,1,高校教員,教育,4,2,0,0,1,5,1,1
3,男,未,33,7460000,3210000,3190000,0,0,0.43 ,3,プログラマ,IT,2,2,0,0,0,12,0,1
4,女,既,28,6910000,2230000,0,0,0,0.00 ,1,市役所職員,行政,1,0,0,0,1,6,1,1
5,男,既,40,3000000,780000,190000,0,0,0.06 ,2,販売スタッフ,小売り,1,3,0,0,1,1,1,0
6,女,未,46,2480000,680000,140000,0,0,0.06 ,4,ホールスタッフ,飲食,1,2,1,0,0,21,0,1
7,女,未,43,4930000,1530000,1800000,0,0,0.37 ,3,介護スタッフ,サービス,1,2,0,0,1,3,1,0
8,女,既,52,3690000,3990000,0,0,1,0.00 ,2,製造オペレーター,製造,1,2,0,0,1,26,1,1
9,男,既,53,4760000,1270000,1860000,0,0,0.39 ,1,高校教員,教育,1,3,0,0,1,30,1,0
10,男,既,29,2280000,390000,0,0,0,0.00 ,4,ホールスタッフ,飲食,4,1,1,0,1,9,0,1
11,男,未,36,4950000,4960000,0,0,0,0.00 ,2,製造オペレーター,製造,4,1,0,0,1,7,1,0
12,女,未,35,3980000,380000,0,0,0,0.00 ,4,ホールスタッフ,飲食,1,1,1,0,1,14,0,1
13,男,未,56,3050000,4160000,0,0,0,0.00 ,2,製造オペレーター,製造,4,0,0,0,0,18,0,1
14,女,未,56,2470000,720000,230000,0,0,0.09 ,4,清掃員,サービス,1,0,1,0,0,36,1,0
15,男,既,35,3660000,310000,1160000,0,0,0.32 ,2,販売スタッフ,小売り,1,1,0,0,0,16,1,0
16,女,未,31,4960000,3640000,250000,0,0,0.05 ,2,販売スタッフ,小売り,4,1,0,0,1,13,0,1
17,男,未,64,6190000,1400000,0,0,0,0.00 ,1,市役所職員,行政,4,1,0,0,0,11,1,0
18,女,未,57,4250000,4590000,1730000,0,0,0.41 ,2,製造オペレーター,製造,2,3,1,0,0,4,0,0
19,男,未,62,2570000,2050000,290000,0,0,0.11 ,3,介護スタッフ,サービス,4,1,1,0,1,20,0,1
20,女,未,63,3180000,4000000,1480000,0,0,0.47 ,2,製造オペレーター,製造,1,2,0,0,0,26,0,1
21,男,未,43,4320000,1330000,1430000,0,0,0.33 ,3,介護スタッフ,サービス,3,2,1,0,1,2,0,1
22,男,未,33,2640000,1910000,290000,0,0,0.11 ,2,販売スタッフ,小売り,4,0,1,0,0,0,1,0
23,男,未,36,5820000,4240000,0,0,0,0.00 ,1,高校教員,教育,4,1,0,0,1,13,0,1
24,男,未,26,2300000,4790000,0,0,0,0.00 ,4,ホールスタッフ,飲食,1,3,1,0,1,1,1,1
25,女,未,32,4740000,4780000,1330000,0,0,0.28 ,2,販売スタッフ,小売り,2,1,0,0,0,4,0,0
26,女,未,26,2880000,3430000,0,0,0,0.00 ,4,ホールスタッフ,飲食,4,1,1,0,1,4,1,0
27,女,未,48,6050000,1770000,510000,0,0,0.08 ,1,高校教員,教育,1,3,1,0,0,10,0,0
28,女,未,33,2090000,3250000,0,0,0,0.00 ,4,ホールスタッフ,飲食,1,0,0,0,0,8,0,1
29,女,未,30,2370000,1750000,0,0,0,0.00 ,4,ホールスタッフ,飲食,3,1,0,0,0,3,0,0
30,女,未,43,4910000,2990000,0,0,0,0.00 ,3,介護スタッフ,サービス,2,1,1,0,1,3,1,1
31,女,未,27,2930000,3540000,640000,0,0,0.22 ,2,接客スタッフ,サービス,1,2,0,0,0,3,1,0
32,女,既,25,6570000,1550000,3160000,0,0,0.48 ,1,市役所職員,行政,2,3,0,0,0,3,0,1
33,女,未,42,6500000,1030000,0,0,0,0.00 ,3,プログラマ,IT,4,0,0,0,0,11,0,0
34,男,未,50,5650000,3300000,0,0,0,0.00 ,3,プログラマ,IT,4,0,1,0,0,14,1,0
35,男,未,50,4820000,460000,1400000,0,0,0.29 ,3,店舗販売員,小売り,2,2,0,0,1,29,1,0
36,女,未,58,6000000,2170000,2000000,0,0,0.33 ,1,高校教員,教育,4,3,0,0,0,13,0,1
37,男,未,61,3170000,2380000,1150000,0,0,0.36 ,4,ホールスタッフ,飲食,4,1,0,0,0,18,0,1
38,男,未,55,4280000,1790000,1050000,0,0,0.25 ,3,店舗販売員,小売り,4,1,1,0,0,20,0,1
39,女,未,50,3460000,870000,0,0,0,0.00 ,4,ホールスタッフ,飲食,3,3,1,0,1,29,0,0
40,女,未,33,5700000,1470000,0,0,0,0.00 ,1,市役所職員,行政,2,2,1,0,1,1,1,0
41,男,未,47,4890000,4240000,930000,0,0,0.19 ,1,市役所職員,行政,4,3,1,0,0,22,1,1
42,男,未,45,4550000,1540000,1730000,0,0,0.38 ,2,製造オペレーター,製造,4,1,1,0,1,4,0,0
43,女,未,43,3770000,1320000,1020000,0,0,0.27 ,4,ホールスタッフ,飲食,4,3,1,0,0,11,1,0
44,男,未,35,3220000,3270000,880000,0,0,0.27 ,4,ホールスタッフ,飲食,4,2,0,0,1,0,1,1
45,男,未,64,2900000,4070000,0,0,0,0.00 ,3,介護スタッフ,サービス,2,0,0,0,1,35,1,1
46,女,未,31,3220000,1490000,1060000,0,0,0.33 ,2,販売スタッフ,小売り,1,2,1,0,1,12,1,1
47,女,未,35,2990000,490000,570000,0,0,0.19 ,2,接客スタッフ,サービス,3,3,0,0,1,3,0,1
48,女,既,64,7590000,3000000,0,0,0,0.00 ,3,プログラマ,IT,2,3,0,0,0,46,0,1
49,女,未,51,5640000,2410000,1780000,0,0,0.32 ,3,プログラマ,IT,3,2,1,0,1,30,0,1
50,女,未,34,4000000,490000,0,0,0,0.00 ,1,高校教員,教育,2,3,0,0,0,1,0,1
51,男,未,50,3840000,2730000,0,0,0,0.00 ,2,製造オペレーター,製造,2,2,0,0,0,26,1,0
52,女,未,64,5210000,2040000,0,0,0,0.00 ,1,高校教員,教育,3,1,0,0,0,8,1,0
53,女,未,53,2960000,380000,0,0,0,0.00 ,2,接客スタッフ,サービス,1,3,0,0,0,33,0,1
54,女,既,34,3370000,4200000,0,0,0,0.00 ,4,ホールスタッフ,飲食,2,0,1,0,0,8,1,0
55,女,未,33,3600000,2240000,1270000,0,0,0.35 ,4,ホールスタッフ,飲食,1,2,1,0,1,3,1,0
56,男,既,36,6740000,2910000,1410000,0,0,0.21 ,1,市役所職員,行政,4,2,1,0,1,6,1,0
57,男,未,39,2500000,4350000,880000,0,0,0.35 ,3,店舗販売員,小売り,2,1,1,0,0,16,0,0
58,男,未,49,3820000,990000,980000,0,0,0.26 ,4,ホールスタッフ,飲食,3,2,0,0,1,31,1,1
59,女,未,60,7360000,3580000,2810000,0,0,0.38 ,3,プログラマ,IT,1,2,0,0,1,33,1,1
60,女,未,39,3450000,2550000,1210000,0,0,0.35 ,2,販売スタッフ,小売り,1,1,0,0,1,14,0,0
61,男,未,47,4210000,3290000,0,1,0,0.00 ,2,製造オペレーター,製造,2,3,0,0,1,19,1,1
62,男,未,27,4810000,3760000,2290000,0,0,0.48 ,2,製造オペレーター,製造,2,1,1,0,0,3,0,0
63,女,未,39,3600000,4770000,860000,0,0,0.24 ,2,接客スタッフ,サービス,4,2,0,0,0,13,1,0
64,男,未,51,4090000,860000,1130000,0,0,0.28 ,2,販売スタッフ,小売り,1,2,0,0,1,6,1,1
65,男,既,58,3010000,680000,0,0,0,0.00 ,2,販売スタッフ,小売り,4,0,1,0,0,11,0,1
66,男,未,32,2720000,630000,830000,0,0,0.31 ,2,製造オペレーター,製造,2,1,0,0,1,1,0,1
67,男,未,60,3340000,2490000,1340000,0,0,0.40 ,4,ホールスタッフ,飲食,3,0,1,0,0,11,0,0
68,男,未,53,4350000,4040000,0,0,0,0.00 ,2,販売スタッフ,小売り,4,1,0,0,1,18,0,0
69,男,未,62,2000000,4310000,0,0,0,0.00 ,4,ホールスタッフ,飲食,2,0,1,0,0,27,1,0
70,男,未,64,6550000,2730000,2440000,0,0,0.37 ,3,プログラマ,IT,3,0,0,0,0,40,0,1
71,男,既,38,4580000,2870000,0,0,0,0.00 ,2,販売スタッフ,小売り,4,3,1,0,1,7,1,0
72,女,未,32,4530000,4540000,0,0,0,0.00 ,2,販売スタッフ,小売り,3,0,1,0,0,6,1,0
73,女,既,47,3290000,3310000,0,0,0,0.00 ,4,ホールスタッフ,飲食,4,0,1,0,0,16,0,1
74,男,未,32,6980000,1110000,0,1,1,0.00 ,1,市役所職員,行政,4,2,0,0,1,2,0,1
75,男,未,54,3430000,2940000,1430000,0,0,0.42 ,3,店舗販売員,小売り,1,2,0,0,1,21,0,0
76,男,既,57,3800000,720000,0,0,0,0.00 ,2,接客スタッフ,サービス,1,1,1,0,1,34,1,0
77,男,未,47,4600000,3090000,2140000,0,0,0.47 ,2,接客スタッフ,サービス,3,3,1,0,0,17,1,1
78,男,未,63,5640000,4520000,2410000,0,0,0.43 ,1,高校教員,教育,3,0,0,0,1,28,1,0
79,女,未,64,5430000,4110000,1010000,0,0,0.19 ,1,高校教員,教育,2,3,1,0,0,33,1,0
80,男,未,59,5380000,3120000,1710000,0,0,0.32 ,1,市役所職員,行政,4,3,1,0,1,6,0,0
81,女,未,49,3730000,4950000,0,0,0,0.00 ,3,介護スタッフ,サービス,1,1,1,0,0,9,0,1
82,男,既,65,7100000,470000,570000,0,0,0.08 ,3,プログラマ,IT,2,1,0,1,0,45,0,1
83,男,未,34,4050000,800000,0,0,0,0.00 ,1,市役所職員,行政,4,0,1,0,1,1,1,0
84,男,未,50,3010000,2670000,1150000,0,0,0.38 ,4,ホールスタッフ,飲食,4,1,0,0,0,31,1,1
85,女,既,45,2520000,2520000,0,0,0,0.00 ,2,販売スタッフ,小売り,3,2,0,0,0,2,1,1
86,男,既,65,6920000,2770000,850000,0,0,0.12 ,3,プログラマ,IT,3,2,0,0,0,36,1,1
87,女,未,26,4610000,3880000,1630000,0,0,0.35 ,3,介護スタッフ,サービス,4,1,0,0,1,8,1,0
88,女,既,62,3300000,1290000,270000,0,0,0.08 ,2,製造オペレーター,製造,4,2,0,0,0,43,0,0
89,男,未,49,4310000,4740000,0,0,0,0.00 ,2,販売スタッフ,小売り,4,3,0,0,1,24,0,1
90,女,未,37,3210000,1980000,0,0,0,0.00 ,4,ホールスタッフ,飲食,4,0,0,0,1,16,0,1
91,女,未,30,3690000,810000,350000,0,0,0.09 ,2,製造オペレーター,製造,3,1,1,0,0,5,0,1
92,男,既,55,3640000,4490000,0,0,0,0.00 ,2,製造オペレーター,製造,1,0,1,0,0,10,1,0
93,男,既,49,3980000,910000,0,0,0,0.00 ,2,製造オペレーター,製造,4,1,0,0,1,0,1,1
94,女,未,51,3450000,600000,0,0,0,0.00 ,2,製造オペレーター,製造,4,2,1,0,1,32,0,1
95,女,未,32,4040000,1830000,1960000,1,0,0.49 ,2,製造オペレーター,製造,4,2,0,0,1,14,0,1
96,男,未,30,3340000,4240000,500000,0,0,0.15 ,2,製造オペレーター,製造,2,2,1,0,1,3,0,0
97,男,未,25,4980000,2720000,2260000,0,0,0.45 ,2,接客スタッフ,サービス,2,1,1,0,1,2,0,0
98,男,未,63,2510000,4200000,700000,0,0,0.28 ,2,販売スタッフ,小売り,2,2,0,0,1,41,1,0
99,男,未,64,3310000,1730000,480000,0,0,0.15 ,2,製造オペレーター,製造,4,3,0,0,0,19,1,1
100,男,既,37,3090000,790000,0,0,0,0.00 ,4,ホールスタッフ,飲食,4,3,0,0,1,0,0,1
101,女,未,30,5450000,430000,980000,0,0,0.18 ,1,市役所職員,行政,2,1,1,1,0,8,1,1
102,女,既,55,3070000,4680000,0,0,0,0.00 ,3,店舗販売員,小売り,4,1,0,0,0,19,0,1
103,女,未,32,3650000,2240000,1120000,0,0,0.31 ,4,ホールスタッフ,飲食,1,3,1,0,1,1,0,0
104,男,未,52,3640000,4260000,1330000,0,0,0.37 ,4,ホールスタッフ,飲食,2,0,1,0,0,11,0,0
105,女,既,62,2840000,4900000,0,0,0,0.00 ,4,ホールスタッフ,飲食,2,1,0,0,1,29,0,1
106,女,既,33,2930000,2220000,0,0,0,0.00 ,3,店舗販売員,小売り,1,1,0,0,0,9,1,0
107,女,既,29,2540000,1980000,0,1,1,0.00 ,4,ホールスタッフ,飲食,3,1,0,0,0,4,1,1
108,男,未,45,3600000,4380000,360000,0,0,0.10 ,4,ホールスタッフ,飲食,4,1,1,0,1,27,1,1
109,女,既,35,4350000,2560000,0,0,0,0.00 ,2,製造オペレーター,製造,3,2,1,0,0,1,1,0
110,男,既,28,4570000,2910000,1240000,0,0,0.27 ,2,販売スタッフ,小売り,1,2,1,0,1,2,1,0
111,女,未,34,2820000,3590000,690000,0,0,0.24 ,2,販売スタッフ,小売り,3,2,0,0,1,10,0,1
112,女,未,48,2240000,4140000,370000,1,0,0.17 ,4,ホールスタッフ,飲食,2,3,1,0,0,14,0,0
113,男,既,35,2880000,4700000,0,0,0,0.00 ,3,店舗販売員,小売り,1,1,1,0,1,14,1,1
114,女,既,37,2070000,4600000,750000,0,0,0.36 ,4,ホールスタッフ,飲食,1,2,0,0,0,0,1,1
115,男,未,30,4510000,4180000,0,0,0,0.00 ,3,プログラマ,IT,2,0,1,0,0,12,1,1
116,男,既,51,2580000,1070000,450000,0,0,0.17 ,4,ホールスタッフ,飲食,3,3,1,0,1,11,1,1
117,男,未,53,3160000,3030000,1340000,0,0,0.42 ,3,介護スタッフ,サービス,4,3,0,0,0,5,0,1
118,男,未,47,4300000,4710000,280000,0,0,0.07 ,3,介護スタッフ,サービス,4,2,0,0,0,25,1,0
119,女,未,38,4200000,930000,0,0,0,0.00 ,3,介護スタッフ,サービス,2,1,0,0,1,20,0,1
120,男,未,27,3540000,2630000,220000,0,0,0.06 ,4,ホールスタッフ,飲食,3,1,1,0,1,4,0,1
121,女,未,50,4070000,1340000,1320000,0,0,0.32 ,2,接客スタッフ,サービス,1,3,0,0,1,21,0,1
122,女,未,54,3610000,1330000,1610000,1,0,0.45 ,3,介護スタッフ,サービス,4,2,1,0,1,1,0,0
123,女,既,45,6590000,3710000,1210000,0,0,0.18 ,1,高校教員,教育,1,0,0,0,1,0,0,1
124,女,未,32,3250000,3500000,1580000,1,0,0.49 ,2,製造オペレーター,製造,4,0,1,0,0,10,0,0
125,女,未,58,4670000,1820000,0,0,0,0.00 ,3,介護スタッフ,サービス,1,3,1,0,1,7,1,1
126,男,未,39,4020000,1540000,0,0,0,0.00 ,2,接客スタッフ,サービス,1,1,1,0,0,16,0,0
127,男,未,62,2810000,580000,0,0,0,0.00 ,2,製造オペレーター,製造,4,0,0,0,1,9,1,1
128,女,既,60,2880000,2350000,850000,0,0,0.30 ,3,介護スタッフ,サービス,1,0,1,0,1,34,1,0
129,女,未,31,4000000,3610000,640000,1,1,0.16 ,2,接客スタッフ,サービス,4,1,0,0,1,2,1,0
130,女,未,32,2890000,2560000,0,0,0,0.00 ,2,製造オペレーター,製造,2,3,0,0,0,1,1,1
131,女,未,47,6490000,4540000,1460000,1,1,0.22 ,1,高校教員,教育,2,3,1,0,1,1,1,1
132,男,未,65,4110000,2320000,1430000,0,0,0.35 ,2,製造オペレーター,製造,4,2,0,0,0,17,0,1
133,男,未,48,2720000,1440000,900000,0,0,0.33 ,3,店舗販売員,小売り,2,3,0,0,0,24,1,1
134,女,未,57,4940000,4450000,2190000,0,0,0.44 ,2,販売スタッフ,小売り,4,2,0,0,0,17,0,1
135,女,未,64,4030000,2200000,0,0,0,0.00 ,3,店舗販売員,小売り,1,1,1,0,0,1,1,1
136,男,未,50,4130000,2570000,0,0,0,0.00 ,3,店舗販売員,小売り,4,0,0,0,0,30,1,1
137,女,未,29,4210000,2760000,320000,0,0,0.08 ,1,市役所職員,行政,2,3,1,0,0,3,0,0
138,男,既,47,3270000,4140000,1500000,0,0,0.46 ,3,店舗販売員,小売り,3,2,1,1,0,26,0,0
139,女,既,26,6890000,3140000,2710000,0,0,0.39 ,1,市役所職員,行政,3,2,0,0,1,4,0,1
140,女,未,53,2950000,1740000,490000,0,0,0.17 ,3,店舗販売員,小売り,1,0,1,0,0,16,0,0
141,女,未,55,3200000,3600000,0,0,0,0.00 ,4,ホールスタッフ,飲食,4,1,0,0,0,20,1,1
142,女,未,64,4130000,1910000,700000,0,0,0.17 ,2,販売スタッフ,小売り,4,2,0,0,0,39,0,1
143,男,未,59,3460000,1890000,0,0,0,0.00 ,2,接客スタッフ,サービス,2,2,1,0,1,3,0,1
144,女,既,64,2720000,3180000,0,0,0,0.00 ,2,製造オペレーター,製造,3,0,0,0,0,25,1,0
145,男,未,32,6020000,690000,1630000,0,0,0.27 ,1,市役所職員,行政,2,3,0,0,0,10,0,1
146,男,未,61,3110000,3140000,0,0,0,0.00 ,2,製造オペレーター,製造,1,0,0,0,1,40,1,1
147,男,既,39,6120000,460000,0,0,0,0.00 ,3,プログラマ,IT,1,1,1,0,1,21,0,0
148,男,未,31,4810000,3520000,0,0,0,0.00 ,2,製造オペレーター,製造,1,2,1,0,1,2,0,1
149,女,既,32,7000000,1670000,0,0,0,0.00 ,1,高校教員,教育,4,1,1,0,0,3,1,0
150,女,未,42,4620000,3830000,0,1,1,0.00 ,2,製造オペレーター,製造,3,2,1,0,1,16,0,1
151,男,未,26,4260000,4450000,0,0,0,0.00 ,2,製造オペレーター,製造,2,1,1,0,1,2,0,0
152,女,未,50,5530000,3070000,2560000,1,0,0.46 ,1,市役所職員,行政,2,1,0,0,1,26,1,0
153,男,既,44,2900000,4260000,0,0,0,0.00 ,3,介護スタッフ,サービス,2,3,0,0,0,9,0,0
154,女,未,44,4700000,1910000,0,0,0,0.00 ,3,介護スタッフ,サービス,1,2,0,0,0,9,0,0
155,男,未,53,6610000,980000,0,0,0,0.00 ,1,市役所職員,行政,2,0,0,0,1,11,1,1
156,女,未,63,4620000,1050000,1090000,0,0,0.24 ,2,接客スタッフ,サービス,3,3,1,0,1,1,0,1
157,女,未,47,6900000,4020000,890000,0,0,0.13 ,1,市役所職員,行政,4,3,0,0,0,17,0,1
158,男,未,27,3670000,2130000,0,0,0,0.00 ,3,店舗販売員,小売り,2,2,0,0,0,6,1,0
159,男,既,51,4890000,4520000,1760000,1,1,0.36 ,2,製造オペレーター,製造,3,2,0,0,1,7,0,1
160,男,既,45,2300000,1140000,0,0,0,0.00 ,4,ホールスタッフ,飲食,1,2,0,0,1,20,1,0
161,男,既,26,3860000,4600000,0,0,0,0.00 ,3,店舗販売員,小売り,4,3,0,0,0,1,1,0
162,男,既,57,3020000,2710000,0,0,0,0.00 ,4,ホールスタッフ,飲食,3,2,1,0,0,12,0,0
163,女,未,63,4090000,2210000,1330000,0,0,0.33 ,3,介護スタッフ,サービス,3,1,0,0,0,32,1,1
164,女,未,33,3320000,3880000,280000,0,0,0.08 ,4,ホールスタッフ,飲食,3,2,1,0,1,13,1,1
165,男,未,54,3180000,1860000,0,0,0,0.00 ,4,ホールスタッフ,飲食,1,3,1,0,1,14,1,0
166,男,未,38,2780000,3660000,0,0,0,0.00 ,4,ホールスタッフ,飲食,3,2,0,0,1,1,1,0
167,男,未,55,4810000,4170000,2200000,0,0,0.46 ,2,接客スタッフ,サービス,3,3,0,0,0,11,1,0
168,男,既,43,4980000,3590000,570000,0,0,0.11 ,2,販売スタッフ,小売り,2,0,1,0,0,5,0,1
169,男,既,48,3190000,4560000,0,0,0,0.00 ,2,接客スタッフ,サービス,3,2,1,0,1,19,0,1
170,女,既,47,2130000,1710000,960000,0,0,0.45 ,4,ホールスタッフ,飲食,1,1,1,1,0,23,0,1
171,女,未,45,6810000,2880000,2830000,0,0,0.42 ,3,プログラマ,IT,1,0,1,0,0,18,0,1
172,女,未,37,4750000,3930000,880000,0,0,0.19 ,3,介護スタッフ,サービス,2,1,1,0,1,10,1,1
173,女,未,60,4360000,4070000,560000,0,0,0.13 ,2,接客スタッフ,サービス,3,1,0,0,0,41,1,1
174,男,未,31,5140000,2310000,0,0,0,0.00 ,1,市役所職員,行政,3,1,1,0,1,2,0,1
175,男,既,62,3220000,4710000,620000,0,0,0.19 ,4,ホールスタッフ,飲食,4,2,0,0,0,35,0,1
176,男,未,33,3440000,2610000,510000,0,0,0.15 ,4,ホールスタッフ,飲食,4,1,1,0,1,7,1,0
177,女,未,44,4480000,3090000,1620000,0,0,0.36 ,2,製造オペレーター,製造,3,0,1,0,1,26,1,0
178,女,未,27,2960000,4170000,0,0,0,0.00 ,4,ホールスタッフ,飲食,1,0,1,0,1,3,1,1
179,男,未,52,3600000,1390000,1510000,1,0,0.42 ,4,ホールスタッフ,飲食,2,2,0,0,0,29,0,1
180,男,既,35,4570000,780000,0,0,0,0.00 ,2,販売スタッフ,小売り,1,3,0,0,1,14,0,1
181,男,未,34,2700000,3340000,0,0,0,0.00 ,2,接客スタッフ,サービス,1,2,0,0,1,3,1,0
182,男,未,63,7540000,4270000,0,0,0,0.00 ,3,プログラマ,IT,4,2,0,0,0,29,0,1
183,女,未,46,4680000,3440000,0,0,0,0.00 ,3,介護スタッフ,サービス,2,2,1,0,0,22,1,1
184,女,未,41,2900000,1340000,260000,0,0,0.09 ,3,店舗販売員,小売り,3,1,1,0,1,5,1,0
185,男,既,63,4990000,1270000,0,0,0,0.00 ,3,介護スタッフ,サービス,4,2,0,0,0,28,1,0
186,女,未,53,3360000,1310000,0,0,0,0.00 ,4,ホールスタッフ,飲食,4,2,1,0,0,5,1,0
187,女,既,28,5640000,1440000,0,0,0,0.00 ,1,市役所職員,行政,2,2,0,0,1,8,1,1
188,女,未,37,6470000,2260000,680000,0,0,0.11 ,1,市役所職員,行政,1,3,1,0,0,13,0,1
189,女,未,40,3730000,920000,0,0,0,0.00 ,3,店舗販売員,小売り,3,3,0,0,1,10,0,0
190,男,既,31,2730000,780000,760000,0,0,0.28 ,4,ホールスタッフ,飲食,4,0,0,0,0,5,0,1
191,女,未,63,350000,3830000,100000,0,0,0.29 ,5,無職,なし,1,3,0,0,0,11,0,1
192,男,未,29,3260000,890000,400000,1,1,0.12 ,3,介護スタッフ,サービス,1,1,1,0,1,3,1,0
193,女,未,64,4890000,4880000,0,0,0,0.00 ,1,市役所職員,行政,3,2,0,0,1,38,0,0
194,男,既,38,4070000,1040000,0,0,0,0.00 ,2,製造オペレーター,製造,1,0,1,0,0,2,0,0
195,女,未,27,3430000,810000,1580000,0,0,0.46 ,2,接客スタッフ,サービス,1,2,1,0,0,5,0,1
196,女,未,57,5540000,1660000,0,0,0,0.00 ,1,市役所職員,行政,3,2,0,0,1,20,0,0
197,男,未,35,2970000,1080000,0,0,0,0.00 ,3,店舗販売員,小売り,2,0,0,1,1,10,1,1
198,男,既,30,6170000,1030000,910000,0,0,0.15 ,1,高校教員,教育,2,3,1,0,1,1,0,1
199,男,既,47,4050000,1770000,1350000,0,0,0.33 ,2,接客スタッフ,サービス,1,3,1,0,1,13,1,1
200,女,未,51,6980000,3390000,0,1,1,0.00 ,1,市役所職員,行政,1,3,1,0,1,3,0,0
201,女,既,49,3890000,4420000,1550000,0,0,0.40 ,2,接客スタッフ,サービス,1,2,1,0,0,19,0,0
202,女,既,33,2530000,1500000,940000,0,0,0.37 ,2,販売スタッフ,小売り,2,3,1,0,1,9,0,0
203,女,未,25,2660000,2180000,1280000,0,0,0.48 ,2,接客スタッフ,サービス,2,0,0,0,1,4,1,1
204,女,未,28,2570000,2960000,0,0,0,0.00 ,2,製造オペレーター,製造,1,0,1,1,1,6,1,1
205,男,未,35,5240000,4590000,1180000,0,0,0.23 ,3,プログラマ,IT,4,2,0,0,1,8,0,1
206,男,未,25,6710000,2440000,0,0,0,0.00 ,1,市役所職員,行政,3,3,0,0,0,2,1,0
207,女,未,45,5000000,350000,0,0,0,0.00 ,2,販売スタッフ,小売り,2,3,0,0,0,26,0,1
208,男,未,48,2470000,1450000,420000,0,0,0.17 ,4,ホールスタッフ,飲食,2,3,1,0,0,23,1,1
209,男,未,62,3350000,840000,1660000,0,0,0.50 ,2,販売スタッフ,小売り,1,2,1,0,1,34,1,0
210,女,未,25,3480000,1630000,930000,0,0,0.27 ,4,ホールスタッフ,飲食,3,2,0,0,1,3,1,0
211,男,既,26,7140000,4960000,0,0,0,0.00 ,3,プログラマ,IT,2,1,0,0,1,1,0,1
212,男,未,26,3340000,1380000,0,0,0,0.00 ,2,販売スタッフ,小売り,2,3,0,0,0,5,1,0
213,男,未,25,5060000,800000,2190000,0,0,0.43 ,3,プログラマ,IT,4,0,0,0,1,2,1,0
214,男,未,54,3770000,4810000,0,0,0,0.00 ,2,製造オペレーター,製造,3,3,0,0,1,21,0,1
215,女,未,34,4030000,3010000,410000,0,0,0.10 ,3,プログラマ,IT,2,2,1,0,0,9,0,1
216,男,未,63,3680000,4580000,0,0,0,0.00 ,2,販売スタッフ,小売り,2,1,0,1,0,15,0,1
217,男,未,27,4780000,3010000,0,0,0,0.00 ,2,製造オペレーター,製造,4,3,0,1,0,8,1,0
218,男,未,32,7760000,2380000,1290000,0,0,0.17 ,3,プログラマ,IT,1,1,1,0,1,9,0,1
219,男,既,51,4700000,2410000,0,1,1,0.00 ,2,製造オペレーター,製造,4,0,0,0,1,3,0,1
220,女,未,30,6310000,2080000,2770000,0,0,0.44 ,1,市役所職員,行政,3,0,1,0,1,11,1,1
221,女,未,65,4030000,2370000,0,0,0,0.00 ,2,製造オペレーター,製造,2,2,0,0,0,14,1,1
222,男,未,64,3840000,2850000,1750000,0,0,0.46 ,4,ホールスタッフ,飲食,3,2,1,0,1,10,1,1
223,男,既,49,7000000,1430000,0,0,0,0.00 ,1,市役所職員,行政,2,1,0,0,0,15,0,0
224,女,未,36,3520000,4160000,0,0,0,0.00 ,2,製造オペレーター,製造,4,1,0,0,0,18,0,0
225,女,既,60,4670000,2540000,590000,0,0,0.13 ,3,店舗販売員,小売り,1,0,1,0,0,6,1,0
226,女,未,28,2440000,4500000,0,0,0,0.00 ,4,ホールスタッフ,飲食,2,3,0,0,1,6,0,1
227,男,未,25,6360000,1980000,850000,0,0,0.13 ,1,市役所職員,行政,4,0,0,0,0,7,1,1
228,男,未,26,2050000,3100000,880000,0,0,0.43 ,4,ホールスタッフ,飲食,2,0,1,0,0,3,1,0
229,女,既,44,4370000,4620000,1230000,0,0,0.28 ,1,高校教員,教育,1,3,0,0,0,1,0,0
230,女,既,58,6460000,470000,890000,0,0,0.14 ,1,市役所職員,行政,2,3,0,0,0,24,1,0
231,女,未,34,4150000,2330000,0,0,0,0.00 ,2,接客スタッフ,サービス,4,3,1,0,0,9,1,1
232,女,既,41,6360000,4420000,3050000,1,0,0.48 ,1,市役所職員,行政,4,3,1,0,0,20,0,1
233,女,未,30,7980000,1190000,710000,0,0,0.09 ,3,プログラマ,IT,3,2,0,0,0,8,0,1
234,男,未,38,2820000,2980000,750000,0,0,0.27 ,2,製造オペレーター,製造,2,0,1,0,1,12,0,0
235,女,未,32,4620000,2620000,340000,0,0,0.07 ,2,接客スタッフ,サービス,2,0,0,0,1,8,1,1
236,男,未,54,4610000,3430000,0,0,0,0.00 ,2,接客スタッフ,サービス,3,3,1,1,0,4,0,1
237,男,未,45,6150000,830000,1810000,0,0,0.29 ,1,高校教員,教育,1,2,1,0,1,7,1,0
238,女,未,34,4970000,3760000,760000,0,0,0.15 ,3,介護スタッフ,サービス,3,3,0,0,0,5,1,1
239,女,未,54,4730000,2230000,780000,0,0,0.16 ,2,接客スタッフ,サービス,2,3,0,1,1,31,1,1
240,男,未,57,4780000,2630000,0,0,0,0.00 ,1,高校教員,教育,2,0,0,0,1,20,0,1
241,男,既,28,3810000,2870000,0,1,1,0.00 ,4,ホールスタッフ,飲食,1,0,1,0,1,7,1,1
242,女,未,62,4340000,590000,2080000,0,0,0.48 ,2,接客スタッフ,サービス,2,3,0,0,1,3,0,0
243,男,未,49,6900000,4760000,1150000,0,0,0.17 ,1,市役所職員,行政,2,3,1,0,0,27,1,1
244,女,未,46,3410000,1570000,0,0,0,0.00 ,4,ホールスタッフ,飲食,4,1,1,0,1,4,1,0
245,女,既,55,6870000,4150000,0,0,0,0.00 ,1,高校教員,教育,1,0,1,0,1,32,1,1
246,女,既,31,3820000,2140000,450000,0,0,0.12 ,2,接客スタッフ,サービス,2,3,0,0,1,9,1,1
247,女,未,26,2280000,3490000,1050000,0,0,0.46 ,4,ホールスタッフ,飲食,3,3,0,1,0,2,1,0
248,女,未,53,4250000,330000,980000,0,0,0.23 ,2,販売スタッフ,小売り,1,1,1,0,1,3,0,1
249,男,未,53,3750000,4310000,1710000,0,0,0.46 ,2,接客スタッフ,サービス,3,2,1,0,1,1,0,0
250,女,未,56,4680000,2800000,0,0,0,0.00 ,2,販売スタッフ,小売り,3,0,1,0,0,27,0,0
251,女,未,58,6850000,2360000,0,0,0,0.00 ,1,市役所職員,行政,3,2,0,0,1,32,1,0
252,男,未,57,3720000,4570000,660000,0,0,0.18 ,3,介護スタッフ,サービス,3,2,1,0,1,16,0,1
253,男,未,25,2350000,4660000,0,0,0,0.00 ,4,ホールスタッフ,飲食,3,1,1,0,0,1,1,0
254,女,未,56,3390000,3820000,720000,0,0,0.21 ,4,ホールスタッフ,飲食,2,1,0,0,0,38,1,1
255,男,未,63,4660000,2700000,970000,0,0,0.21 ,2,製造オペレーター,製造,3,1,0,0,1,30,0,1
256,男,既,29,5090000,1480000,1640000,0,0,0.32 ,1,高校教員,教育,2,2,0,0,0,9,0,0
257,男,未,27,6670000,2110000,0,0,0,0.00 ,1,市役所職員,行政,2,3,1,0,0,0,0,1
258,男,未,41,6100000,930000,1380000,0,0,0.23 ,3,プログラマ,IT,1,0,0,0,0,4,1,0
259,女,既,58,7560000,2680000,0,0,0,0.00 ,3,プログラマ,IT,4,1,1,0,0,14,1,1
260,女,未,32,5470000,4640000,820000,0,0,0.15 ,3,プログラマ,IT,1,1,1,0,1,14,0,1
261,女,未,29,6910000,3980000,0,0,0,0.00 ,1,高校教員,教育,4,3,1,0,0,5,0,0
262,男,未,28,6370000,2150000,0,0,0,0.00 ,1,高校教員,教育,4,3,1,0,1,7,0,0
263,女,未,42,5900000,1660000,0,0,0,0.00 ,3,プログラマ,IT,2,2,1,0,1,9,1,0
264,男,未,65,4190000,4350000,1690000,0,0,0.40 ,2,製造オペレーター,製造,1,0,0,0,1,28,1,0
265,女,未,43,5130000,520000,480000,0,0,0.09 ,1,高校教員,教育,2,2,0,0,1,25,1,1
266,女,未,38,2800000,300000,870000,0,0,0.31 ,3,介護スタッフ,サービス,3,3,0,1,0,9,1,1
267,女,未,58,3090000,3090000,0,0,0,0.00 ,2,製造オペレーター,製造,3,0,0,0,0,31,0,1
268,女,既,56,4000000,550000,0,0,0,0.00 ,2,接客スタッフ,サービス,1,3,0,0,0,28,0,1
269,男,既,32,4810000,3970000,0,0,0,0.00 ,3,店舗販売員,小売り,2,2,1,0,0,13,0,0
270,女,未,28,3730000,2310000,0,0,0,0.00 ,2,接客スタッフ,サービス,1,3,0,0,0,7,1,0
271,男,未,53,5820000,870000,0,0,0,0.00 ,1,高校教員,教育,2,1,0,0,1,4,1,1
272,女,未,55,6500000,3900000,0,0,0,0.00 ,1,市役所職員,行政,4,3,0,0,1,27,1,1
273,女,未,29,3680000,3900000,490000,0,0,0.13 ,3,介護スタッフ,サービス,1,0,0,0,1,10,0,0
274,男,既,46,2970000,4620000,0,1,0,0.00 ,3,店舗販売員,小売り,4,3,0,0,1,7,1,1
275,男,既,57,3070000,880000,0,0,0,0.00 ,3,介護スタッフ,サービス,4,0,0,0,1,20,1,1
276,男,既,61,4710000,3530000,0,0,0,0.00 ,1,市役所職員,行政,1,3,0,0,1,24,1,1
277,男,未,28,4250000,2080000,1140000,0,0,0.27 ,2,製造オペレーター,製造,4,0,0,0,1,3,0,1
278,男,未,35,4680000,1030000,2200000,0,0,0.47 ,3,介護スタッフ,サービス,1,0,1,0,1,16,1,0
279,女,未,29,3020000,2270000,850000,0,0,0.28 ,3,店舗販売員,小売り,3,1,0,0,0,5,0,0
280,男,既,41,5260000,2860000,0,0,0,0.00 ,1,高校教員,教育,3,1,0,0,0,2,0,0
281,女,未,52,4190000,4700000,0,0,0,0.00 ,2,製造オペレーター,製造,3,0,0,0,0,4,0,1
282,女,既,63,4160000,450000,1370000,0,0,0.33 ,2,製造オペレーター,製造,2,2,1,0,1,12,1,0
283,男,未,57,4800000,4200000,740000,1,1,0.15 ,3,店舗販売員,小売り,2,2,0,0,0,26,1,1
284,女,未,47,2970000,4220000,770000,0,0,0.26 ,2,接客スタッフ,サービス,2,1,0,0,1,4,0,1
285,女,未,55,4690000,2820000,0,0,0,0.00 ,2,接客スタッフ,サービス,4,0,1,0,0,14,0,1
286,女,未,30,5110000,3940000,1150000,0,0,0.23 ,3,プログラマ,IT,1,3,0,0,0,12,0,0
287,男,未,41,3470000,610000,950000,0,0,0.27 ,3,介護スタッフ,サービス,2,0,0,0,0,16,0,0
288,女,既,54,3330000,1300000,260000,0,0,0.08 ,3,介護スタッフ,サービス,3,2,0,0,1,13,1,0
289,女,未,30,5880000,4010000,620000,0,0,0.11 ,1,市役所職員,行政,2,1,1,0,0,7,0,1
290,男,未,34,6130000,1060000,1770000,0,0,0.29 ,1,市役所職員,行政,1,3,0,0,0,2,0,0
291,男,既,54,3960000,3810000,200000,0,0,0.05 ,3,介護スタッフ,サービス,3,0,0,0,0,35,1,0
292,男,未,54,2220000,3350000,820000,0,0,0.37 ,4,ホールスタッフ,飲食,1,2,0,0,0,25,0,1
293,男,未,55,2600000,980000,870000,0,0,0.33 ,3,店舗販売員,小売り,4,2,1,0,1,26,0,0
294,女,未,31,3170000,4100000,880000,0,0,0.28 ,2,販売スタッフ,小売り,4,2,1,0,1,1,0,1
295,男,未,42,3770000,3730000,0,0,0,0.00 ,4,ホールスタッフ,飲食,3,0,0,0,0,18,0,1
296,男,未,44,2600000,620000,860000,0,0,0.33 ,4,ホールスタッフ,飲食,3,1,0,0,0,4,0,1
297,男,未,31,4290000,2130000,0,0,0,0.00 ,2,製造オペレーター,製造,4,1,0,1,0,10,0,1
298,女,未,63,2960000,2890000,350000,0,0,0.12 ,4,ホールスタッフ,飲食,3,3,1,0,1,31,0,0
299,女,既,39,5960000,4880000,660000,1,1,0.11 ,3,プログラマ,IT,2,0,1,0,0,4,1,1
300,女,既,61,4470000,3670000,0,0,0,0.00 ,1,市役所職員,行政,4,0,1,1,1,40,1,0
301,女,未,56,3780000,3260000,0,0,0,0.00 ,2,製造オペレーター,製造,3,0,1,0,1,11,1,0
302,男,未,40,4990000,580000,2180000,1,0,0.44 ,3,介護スタッフ,サービス,1,2,0,0,1,7,0,1
303,男,既,46,2670000,2970000,0,0,0,0.00 ,2,販売スタッフ,小売り,4,3,0,0,1,18,0,0
304,女,未,34,4590000,4310000,0,0,0,0.00 ,1,市役所職員,行政,2,2,0,0,0,6,1,1
305,女,未,54,2390000,3490000,0,0,0,0.00 ,4,ホールスタッフ,飲食,4,1,0,1,0,32,1,0
306,男,未,56,3710000,700000,1510000,0,0,0.41 ,4,ホールスタッフ,飲食,3,2,1,0,0,14,0,0
307,女,未,65,6970000,1810000,3110000,0,0,0.45 ,1,高校教員,教育,1,0,0,0,1,39,1,1
308,男,未,29,180000,1790000,0,1,0,0.00 ,5,無職,なし,2,1,1,0,0,5,0,0
309,男,未,34,4130000,2820000,1070000,0,0,0.26 ,1,高校教員,教育,3,3,1,0,1,1,1,1
310,女,未,64,3630000,4400000,0,0,0,0.00 ,2,販売スタッフ,小売り,4,1,1,0,0,21,0,0
311,男,既,33,3230000,4790000,1410000,1,1,0.44 ,2,製造オペレーター,製造,1,2,1,0,0,0,1,0
312,男,未,27,4200000,4000000,300000,0,0,0.07 ,3,介護スタッフ,サービス,3,3,0,0,1,1,1,0
313,女,未,51,3120000,1350000,310000,1,0,0.10 ,2,接客スタッフ,サービス,2,1,1,0,1,24,0,0
314,男,未,36,5480000,4280000,1960000,0,0,0.36 ,1,市役所職員,行政,2,0,1,0,0,2,0,1
315,男,未,33,3950000,1510000,0,0,0,0.00 ,2,接客スタッフ,サービス,4,3,0,0,0,4,0,1
316,女,未,28,3930000,1760000,750000,0,0,0.19 ,4,ホールスタッフ,飲食,1,2,1,0,1,6,0,0
317,男,既,26,2690000,4630000,240000,0,0,0.09 ,2,接客スタッフ,サービス,3,0,1,0,1,7,1,0
318,女,未,51,6730000,3740000,0,0,0,0.00 ,3,プログラマ,IT,1,1,0,0,0,12,0,0
319,女,既,26,3620000,3340000,790000,0,0,0.22 ,3,店舗販売員,小売り,2,1,1,0,1,5,1,1
320,男,未,34,4770000,3910000,1400000,0,0,0.29 ,1,市役所職員,行政,1,1,0,0,1,6,1,1
321,女,未,37,3910000,3270000,0,0,0,0.00 ,2,接客スタッフ,サービス,1,1,1,0,0,6,1,1
322,女,既,53,7950000,3120000,1610000,0,0,0.20 ,3,プログラマ,IT,3,3,0,0,0,5,0,1
323,男,既,25,4010000,930000,590000,0,0,0.15 ,3,店舗販売員,小売り,1,2,0,0,0,1,0,0
324,女,未,27,6390000,3940000,1280000,0,0,0.20 ,1,高校教員,教育,1,0,0,0,1,8,0,0
325,女,未,47,2610000,4020000,0,0,0,0.00 ,4,ホールスタッフ,飲食,1,1,1,0,0,24,1,1
326,男,未,56,4790000,2250000,1520000,0,0,0.32 ,2,接客スタッフ,サービス,1,0,1,1,1,31,1,0
327,女,既,53,3420000,3270000,0,0,0,0.00 ,4,ホールスタッフ,飲食,1,0,1,0,1,27,0,0
328,男,未,59,5290000,1130000,0,0,0,0.00 ,1,市役所職員,行政,1,1,1,0,0,4,0,1
329,女,未,27,3130000,3720000,0,1,1,0.00 ,2,製造オペレーター,製造,4,2,0,0,0,4,0,0
330,女,未,60,2160000,2230000,790000,0,0,0.37 ,4,ホールスタッフ,飲食,2,0,0,0,1,1,1,1
331,男,未,64,3800000,2520000,1760000,0,0,0.46 ,4,ホールスタッフ,飲食,3,0,0,0,0,42,0,0
332,男,既,25,2090000,1040000,640000,0,0,0.31 ,4,ホールスタッフ,飲食,1,3,1,0,0,3,1,1
333,男,未,63,4420000,1450000,1660000,0,0,0.38 ,1,市役所職員,行政,3,2,1,0,1,26,0,1
334,女,既,25,2770000,2400000,0,0,0,0.00 ,3,店舗販売員,小売り,1,1,0,0,1,5,0,1
335,男,未,54,6650000,2160000,0,0,0,0.00 ,1,市役所職員,行政,4,1,0,0,0,7,1,1
336,女,未,30,3330000,3420000,1350000,0,0,0.41 ,2,接客スタッフ,サービス,1,3,1,0,1,0,0,1
337,女,既,53,3480000,940000,1200000,0,0,0.34 ,3,店舗販売員,小売り,2,3,0,0,1,8,1,0
338,女,未,26,3310000,990000,0,0,0,0.00 ,2,製造オペレーター,製造,3,2,0,0,1,6,1,0
339,女,未,54,3140000,2580000,0,0,0,0.00 ,2,製造オペレーター,製造,1,0,0,0,1,17,0,0
340,男,未,32,3440000,3430000,710000,0,0,0.21 ,3,店舗販売員,小売り,3,1,0,0,0,10,1,1
341,女,未,61,3910000,1910000,1420000,0,0,0.36 ,2,接客スタッフ,サービス,3,1,1,0,1,8,1,1
342,女,未,51,5630000,2060000,0,0,0,0.00 ,3,プログラマ,IT,2,0,1,0,0,2,0,1
343,女,未,55,4220000,1100000,1870000,1,0,0.44 ,3,店舗販売員,小売り,1,2,0,0,1,20,0,1
344,女,既,65,3910000,3230000,900000,0,0,0.23 ,4,ホールスタッフ,飲食,4,1,0,0,0,34,1,0
345,男,未,54,4580000,4740000,0,0,0,0.00 ,3,店舗販売員,小売り,4,2,1,0,1,33,1,0
346,男,未,63,4700000,1010000,1880000,0,0,0.40 ,2,接客スタッフ,サービス,2,3,1,0,0,41,0,0
347,女,未,58,6590000,1450000,2450000,0,0,0.37 ,1,高校教員,教育,3,2,1,0,0,12,0,0
348,女,未,41,7570000,490000,0,0,0,0.00 ,3,プログラマ,IT,1,0,0,0,0,20,1,0
349,女,既,57,4910000,3870000,0,0,0,0.00 ,1,市役所職員,行政,1,1,0,0,1,37,0,0
350,男,未,43,3170000,1760000,1170000,0,0,0.37 ,2,接客スタッフ,サービス,2,3,1,0,1,23,0,0
351,女,未,30,2850000,1700000,0,0,0,0.00 ,2,販売スタッフ,小売り,1,1,0,0,1,9,1,0
352,女,未,51,4740000,4830000,580000,0,0,0.12 ,1,市役所職員,行政,3,3,0,0,1,29,1,0
353,男,既,64,7530000,830000,0,0,0,0.00 ,3,プログラマ,IT,4,0,1,0,1,15,0,0
354,男,既,41,5050000,1240000,2280000,1,0,0.45 ,1,高校教員,教育,1,3,0,0,1,3,1,0
355,男,未,52,3320000,550000,0,0,0,0.00 ,4,ホールスタッフ,飲食,4,1,1,0,1,1,1,0
356,女,未,64,3800000,3960000,0,0,0,0.00 ,4,ホールスタッフ,飲食,1,1,0,0,1,31,1,1
357,男,未,25,3660000,3640000,0,0,0,0.00 ,4,ホールスタッフ,飲食,4,3,0,0,1,6,1,0
358,女,未,36,5100000,3590000,2060000,0,0,0.40 ,3,プログラマ,IT,1,2,1,0,0,16,0,1
359,女,既,48,2620000,1890000,910000,0,0,0.35 ,2,製造オペレーター,製造,1,0,0,0,1,3,0,1
360,女,既,40,4640000,4470000,0,0,0,0.00 ,3,介護スタッフ,サービス,2,2,1,0,0,19,0,1
361,女,既,57,3960000,4740000,0,0,0,0.00 ,2,接客スタッフ,サービス,4,0,0,0,1,2,0,1
362,男,未,62,3190000,2370000,0,0,0,0.00 ,2,接客スタッフ,サービス,3,2,1,0,0,41,0,0
363,女,未,42,4700000,2380000,1520000,0,0,0.32 ,2,製造オペレーター,製造,2,3,0,0,0,16,0,1
364,男,既,32,3820000,2950000,0,0,0,0.00 ,2,接客スタッフ,サービス,1,2,1,0,1,8,1,1
365,女,未,30,3820000,3500000,0,0,0,0.00 ,2,販売スタッフ,小売り,1,1,1,0,0,7,1,1
366,男,未,61,4740000,3320000,2080000,0,0,0.44 ,3,プログラマ,IT,1,2,1,0,0,8,1,0
367,女,未,49,3770000,310000,0,0,0,0.00 ,2,製造オペレーター,製造,1,3,1,0,0,16,1,0
368,男,未,42,4390000,1140000,350000,0,0,0.08 ,2,販売スタッフ,小売り,1,2,1,0,1,23,0,0
369,男,未,65,3180000,2290000,0,0,0,0.00 ,2,販売スタッフ,小売り,1,0,1,0,1,21,0,0
370,男,未,50,2800000,1230000,1380000,0,0,0.49 ,3,店舗販売員,小売り,3,1,1,0,0,17,0,1
371,男,未,50,2630000,3450000,0,0,0,0.00 ,3,店舗販売員,小売り,3,0,0,0,1,15,0,1
372,男,未,53,2830000,1200000,1260000,0,0,0.45 ,3,介護スタッフ,サービス,3,3,1,0,0,21,0,1
373,女,未,54,6140000,1770000,2380000,0,0,0.39 ,3,プログラマ,IT,4,0,1,0,0,8,0,0
374,女,既,50,4020000,2380000,220000,0,0,0.05 ,1,高校教員,教育,2,2,0,0,1,10,0,0
375,女,既,26,4250000,1030000,0,0,0,0.00 ,1,高校教員,教育,4,3,0,0,0,8,1,1
376,女,未,52,6020000,1250000,1700000,0,0,0.28 ,1,市役所職員,行政,1,0,1,0,0,4,1,0
377,女,未,57,4410000,770000,0,0,0,0.00 ,2,販売スタッフ,小売り,3,1,1,0,1,14,0,0
378,女,未,40,3210000,1110000,480000,0,0,0.15 ,3,介護スタッフ,サービス,4,3,0,0,1,6,1,1
379,男,既,43,3920000,3070000,0,0,0,0.00 ,3,店舗販売員,小売り,3,2,0,0,0,11,1,1
380,男,既,65,3150000,4480000,330000,0,0,0.10 ,2,販売スタッフ,小売り,4,2,0,0,1,46,0,1
381,女,未,29,2070000,3820000,0,0,0,0.00 ,4,清掃員,サービス,1,1,1,0,1,3,1,1
382,女,未,54,3430000,690000,0,0,0,0.00 ,3,介護スタッフ,サービス,3,0,0,0,0,33,1,0
383,男,未,63,4360000,2460000,0,0,0,0.00 ,2,接客スタッフ,サービス,1,3,1,0,0,19,1,0
384,女,未,40,4040000,1840000,1490000,0,0,0.37 ,1,市役所職員,行政,1,0,0,0,1,12,0,0
385,男,既,53,5540000,2430000,0,0,0,0.00 ,1,高校教員,教育,4,3,0,0,1,5,0,0
386,男,既,38,6110000,3270000,770000,0,0,0.13 ,3,プログラマ,IT,1,2,0,0,0,20,0,0
387,女,未,53,4380000,4250000,0,0,0,0.00 ,3,店舗販売員,小売り,2,1,1,0,0,12,1,0
388,男,未,52,4400000,1350000,1910000,0,0,0.43 ,2,製造オペレーター,製造,1,2,1,0,0,18,1,0
389,女,未,56,3050000,3010000,940000,0,0,0.31 ,2,製造オペレーター,製造,2,1,0,0,1,38,0,0
390,女,既,56,3000000,2050000,0,0,0,0.00 ,4,ホールスタッフ,飲食,2,2,1,0,0,35,1,0
391,女,既,40,2300000,4480000,0,1,0,0.00 ,4,ホールスタッフ,飲食,4,0,0,0,0,15,0,0
392,女,未,46,3340000,4240000,0,0,0,0.00 ,4,ホールスタッフ,飲食,4,1,1,1,0,9,1,0
393,女,未,55,4120000,1100000,1880000,0,0,0.46 ,3,プログラマ,IT,4,1,1,0,0,6,1,0
394,女,既,47,2850000,4840000,690000,0,0,0.24 ,4,ホールスタッフ,飲食,4,1,1,0,0,13,1,0
395,女,未,63,2770000,2400000,0,0,0,0.00 ,2,製造オペレーター,製造,2,0,1,0,0,42,0,0
396,男,未,61,4410000,1690000,0,0,0,0.00 ,2,製造オペレーター,製造,3,3,1,0,1,0,0,1
397,男,未,39,2280000,3350000,240000,0,0,0.11 ,4,ホールスタッフ,飲食,3,2,0,0,0,8,0,1
398,女,未,41,6590000,2730000,1590000,0,0,0.24 ,1,高校教員,教育,2,3,0,0,0,7,0,0
399,男,既,38,4080000,570000,0,0,0,0.00 ,2,販売スタッフ,小売り,2,0,1,0,0,3,1,0
400,女,未,46,4910000,4690000,0,0,0,0.00 ,2,製造オペレーター,製造,4,0,0,0,0,14,1,1
401,男,未,35,2730000,2220000,0,0,0,0.00 ,4,ホールスタッフ,飲食,3,0,0,0,0,0,1,1
402,女,未,26,3560000,4360000,0,0,0,0.00 ,3,店舗販売員,小売り,1,1,1,0,1,3,0,1
403,男,既,25,4950000,950000,1350000,0,0,0.27 ,1,高校教員,教育,3,2,0,0,1,4,1,1
404,男,既,63,4420000,590000,0,0,0,0.00 ,1,市役所職員,行政,1,1,0,0,1,0,1,0
405,女,未,49,3040000,1230000,0,0,0,0.00 ,2,販売スタッフ,小売り,3,3,1,0,1,19,0,0
406,男,未,48,6560000,960000,0,0,0,0.00 ,1,市役所職員,行政,1,3,0,0,0,20,1,0
407,女,未,52,2550000,3870000,170000,0,0,0.07 ,2,製造オペレーター,製造,2,2,0,0,1,14,1,1
408,女,未,37,4400000,920000,0,0,0,0.00 ,1,市役所職員,行政,1,1,1,0,0,18,0,0
409,男,既,52,4030000,430000,0,0,0,0.00 ,3,介護スタッフ,サービス,2,0,1,0,1,4,1,0
410,女,既,64,3650000,370000,910000,0,0,0.25 ,2,製造オペレーター,製造,4,1,0,0,1,10,0,1
411,男,未,53,3490000,1970000,0,0,0,0.00 ,4,ホールスタッフ,飲食,4,1,0,0,1,23,0,0
412,女,既,59,2420000,2220000,860000,0,0,0.36 ,4,ホールスタッフ,飲食,2,0,0,0,0,9,1,1
413,男,未,49,2060000,2880000,0,0,0,0.00 ,4,ホールスタッフ,飲食,1,2,0,0,1,30,0,0
414,男,未,37,3850000,1940000,1290000,0,0,0.34 ,4,ホールスタッフ,飲食,3,2,1,0,0,12,0,0
415,男,未,39,4710000,2870000,1880000,1,1,0.40 ,3,店舗販売員,小売り,4,1,0,0,1,13,1,0
416,男,未,65,3850000,1360000,0,0,0,0.00 ,3,店舗販売員,小売り,3,1,1,0,1,5,0,1
417,男,未,26,3760000,2540000,840000,0,0,0.22 ,3,店舗販売員,小売り,2,3,0,0,0,7,0,0
418,男,既,47,3580000,4960000,1350000,0,0,0.38 ,2,接客スタッフ,サービス,3,0,1,0,0,13,1,1
419,男,既,64,5560000,4010000,0,0,0,0.00 ,1,市役所職員,行政,2,3,1,0,1,16,1,1
420,男,未,29,4840000,1920000,660000,0,0,0.14 ,3,店舗販売員,小売り,4,1,1,1,1,2,0,0
421,男,未,39,3090000,2650000,1490000,0,0,0.48 ,2,製造オペレーター,製造,3,2,1,0,1,14,1,0
422,女,既,44,3640000,3090000,890000,0,0,0.24 ,2,接客スタッフ,サービス,1,1,0,0,1,0,1,0
423,女,既,26,3670000,3970000,0,0,0,0.00 ,4,ホールスタッフ,飲食,2,0,1,0,0,2,1,1
424,女,既,61,4660000,3060000,0,0,0,0.00 ,3,介護スタッフ,サービス,1,0,0,0,0,25,0,0
425,女,未,41,3740000,1970000,0,0,0,0.00 ,3,店舗販売員,小売り,4,1,0,0,0,21,0,0
426,男,未,40,3120000,2610000,0,0,0,0.00 ,2,販売スタッフ,小売り,1,2,1,0,1,19,1,1
427,女,未,60,2390000,2280000,190000,0,0,0.08 ,4,ホールスタッフ,飲食,1,2,1,0,1,6,0,1
428,女,既,25,4640000,670000,0,0,0,0.00 ,2,販売スタッフ,小売り,4,2,1,0,0,2,1,1
429,女,未,59,4330000,2280000,0,0,0,0.00 ,2,接客スタッフ,サービス,3,1,1,0,0,37,1,0
430,男,未,53,2920000,2000000,0,0,0,0.00 ,2,販売スタッフ,小売り,2,2,1,0,1,2,1,0
431,男,未,44,2700000,950000,0,0,0,0.00 ,4,ホールスタッフ,飲食,3,3,1,1,1,1,1,1
432,女,未,36,4130000,840000,0,0,0,0.00 ,2,製造オペレーター,製造,4,0,1,0,1,12,1,1
433,男,既,36,4160000,2790000,0,0,0,0.00 ,3,プログラマ,IT,2,2,0,0,1,13,0,1
434,女,未,57,7010000,3650000,3100000,0,0,0.44 ,3,プログラマ,IT,2,3,0,1,1,3,0,0
435,男,未,47,3900000,2600000,470000,0,0,0.12 ,2,製造オペレーター,製造,3,1,1,0,1,17,0,1
436,男,既,44,4690000,4540000,0,0,0,0.00 ,2,販売スタッフ,小売り,4,2,1,0,1,19,1,1
437,女,未,28,2350000,3290000,840000,0,0,0.36 ,4,ホールスタッフ,飲食,2,0,1,0,0,9,0,1
438,男,未,47,4100000,1000000,1380000,1,0,0.34 ,2,接客スタッフ,サービス,2,2,1,0,0,18,0,0
439,男,既,45,6920000,1180000,0,0,0,0.00 ,1,市役所職員,行政,4,2,0,0,1,8,0,1
440,男,未,37,5740000,420000,2640000,0,0,0.46 ,1,市役所職員,行政,4,1,1,0,0,16,0,0
441,男,未,39,6060000,610000,0,0,0,0.00 ,1,高校教員,教育,3,0,1,0,0,1,0,0
442,男,未,53,2210000,1060000,0,0,0,0.00 ,4,ホールスタッフ,飲食,3,3,1,0,0,6,1,0
443,女,既,38,3180000,2500000,1080000,0,0,0.34 ,4,ホールスタッフ,飲食,3,2,1,0,0,4,0,0
444,女,未,41,3480000,2460000,0,0,0,0.00 ,4,ホールスタッフ,飲食,3,2,0,0,0,22,0,1
445,男,未,28,3930000,3000000,690000,0,0,0.18 ,3,介護スタッフ,サービス,2,2,0,0,0,10,1,1
446,男,既,54,3220000,2850000,0,0,0,0.00 ,3,介護スタッフ,サービス,4,3,0,0,1,33,0,0
447,男,未,63,2860000,1850000,480000,0,0,0.17 ,3,店舗販売員,小売り,4,2,0,0,0,29,0,0
448,女,未,58,2520000,3330000,180000,0,0,0.07 ,2,接客スタッフ,サービス,4,0,1,0,0,10,1,1
449,男,未,55,6330000,2690000,0,0,0,0.00 ,1,高校教員,教育,1,1,1,0,0,27,1,0
450,女,未,32,2670000,4830000,480000,0,0,0.18 ,2,製造オペレーター,製造,1,1,1,0,0,8,1,1
451,男,未,35,3820000,2180000,0,0,0,0.00 ,2,製造オペレーター,製造,3,2,0,0,1,11,1,1
452,女,未,50,2540000,1990000,780000,0,0,0.31 ,3,介護スタッフ,サービス,3,0,0,0,1,2,1,1
453,男,未,34,2480000,450000,1090000,0,0,0.44 ,4,ホールスタッフ,飲食,2,1,1,0,1,7,1,1
454,男,既,32,4590000,3310000,0,0,0,0.00 ,3,介護スタッフ,サービス,2,3,1,1,1,1,1,1
455,男,未,56,4000000,3840000,0,0,0,0.00 ,4,ホールスタッフ,飲食,3,0,0,0,0,34,0,0
456,女,未,48,4990000,360000,1530000,0,0,0.31 ,3,プログラマ,IT,1,0,1,0,0,14,1,0
457,男,既,28,4020000,1000000,0,0,0,0.00 ,1,高校教員,教育,1,0,0,0,1,5,1,0
458,女,未,49,7800000,2620000,0,0,0,0.00 ,3,プログラマ,IT,3,1,1,0,1,27,0,1
459,男,未,53,3200000,2460000,0,0,0,0.00 ,2,接客スタッフ,サービス,1,3,0,0,1,9,1,1
460,男,未,49,2500000,590000,0,0,0,0.00 ,3,介護スタッフ,サービス,2,1,0,0,0,9,0,1
461,女,未,33,2830000,1400000,800000,0,0,0.28 ,2,販売スタッフ,小売り,1,0,0,0,0,4,0,1
462,女,未,45,4890000,3270000,630000,0,0,0.13 ,3,プログラマ,IT,3,3,0,0,0,20,1,0
463,女,未,44,4560000,2610000,450000,0,0,0.10 ,1,高校教員,教育,1,3,1,0,0,13,1,1
464,女,未,36,3520000,2870000,0,0,0,0.00 ,3,介護スタッフ,サービス,2,2,0,0,1,3,1,0
465,男,未,33,4000000,1580000,0,0,0,0.00 ,2,販売スタッフ,小売り,2,0,1,0,1,15,0,0
466,女,未,44,3600000,4880000,1760000,0,0,0.49 ,3,介護スタッフ,サービス,1,0,1,0,1,6,0,1
467,女,未,35,4010000,1840000,1600000,0,0,0.40 ,3,店舗販売員,小売り,1,3,0,0,1,11,0,0
468,男,未,31,4410000,1640000,590000,0,0,0.13 ,1,市役所職員,行政,4,1,1,0,0,6,0,1
469,男,未,40,4020000,2170000,0,0,0,0.00 ,3,介護スタッフ,サービス,1,0,1,0,1,18,1,0
470,女,未,61,250000,510000,0,0,0,0.00 ,5,無職,なし,4,1,0,0,0,17,0,1
471,女,既,64,4250000,370000,0,0,0,0.00 ,3,介護スタッフ,サービス,2,2,1,0,0,1,1,1
472,女,未,46,3450000,910000,0,0,0,0.00 ,3,介護スタッフ,サービス,1,0,1,0,1,1,1,1
473,男,未,30,3970000,2430000,0,0,0,0.00 ,2,接客スタッフ,サービス,1,2,1,0,1,10,1,1
474,女,未,56,390000,2170000,160000,0,0,0.41 ,5,無職,なし,2,0,0,0,0,23,1,1
475,女,既,27,6890000,400000,3020000,0,0,0.44 ,1,市役所職員,行政,2,0,1,0,0,2,1,0
476,女,既,60,4240000,1720000,0,0,0,0.00 ,3,介護スタッフ,サービス,4,3,1,0,0,2,0,1
477,男,未,49,3140000,1410000,0,0,0,0.00 ,2,接客スタッフ,サービス,2,2,1,0,1,23,0,1
478,女,未,60,3200000,3610000,0,0,0,0.00 ,2,接客スタッフ,サービス,3,3,1,0,1,4,0,0
479,男,未,44,2920000,540000,1130000,0,0,0.39 ,4,ホールスタッフ,飲食,2,2,0,0,1,9,0,0
480,男,未,28,3990000,3710000,0,0,0,0.00 ,3,店舗販売員,小売り,3,0,1,0,0,1,0,0
481,女,未,30,3650000,3200000,700000,0,0,0.19 ,4,ホールスタッフ,飲食,2,1,0,0,1,11,0,1
482,男,既,41,3400000,2170000,0,0,0,0.00 ,4,ホールスタッフ,飲食,2,3,0,0,0,6,0,0
483,女,未,57,3890000,3040000,1570000,0,0,0.40 ,2,接客スタッフ,サービス,1,3,1,0,1,26,0,0
484,男,既,60,4810000,3670000,0,0,0,0.00 ,1,高校教員,教育,2,1,1,1,0,36,0,0
485,男,未,26,2960000,910000,1000000,0,0,0.34 ,4,ホールスタッフ,飲食,4,3,0,0,1,4,1,1
486,男,既,44,3180000,4940000,710000,0,0,0.22 ,3,介護スタッフ,サービス,3,1,1,0,0,6,0,0
487,女,未,64,6550000,450000,380000,0,0,0.06 ,3,プログラマ,IT,4,3,0,0,0,21,1,1
488,女,未,30,3550000,3250000,0,0,0,0.00 ,4,ホールスタッフ,飲食,2,0,1,0,0,0,0,0
489,男,既,43,2800000,2240000,0,0,0,0.00 ,4,ホールスタッフ,飲食,1,2,1,0,0,15,1,0
490,男,既,38,4100000,3260000,0,0,0,0.00 ,3,店舗販売員,小売り,4,0,0,0,1,0,0,0
491,男,既,56,6870000,4770000,0,0,0,0.00 ,1,市役所職員,行政,3,0,1,0,1,33,0,1
492,女,未,45,3640000,780000,870000,0,0,0.24 ,2,接客スタッフ,サービス,4,3,0,0,1,23,0,0
493,男,未,37,2650000,3690000,1200000,0,0,0.45 ,2,製造オペレーター,製造,2,0,1,0,0,11,1,0
494,男,未,36,2240000,3610000,0,0,0,0.00 ,4,清掃員,サービス,1,3,0,0,1,8,1,1
495,男,未,65,5940000,2120000,720000,0,0,0.12 ,1,市役所職員,行政,3,1,0,0,1,8,0,1
496,男,未,25,5370000,510000,0,0,0,0.00 ,1,高校教員,教育,1,2,0,0,0,2,1,0
497,男,未,62,2820000,600000,690000,0,0,0.24 ,4,ホールスタッフ,飲食,4,3,1,0,0,37,1,1
498,男,既,53,4590000,4450000,0,0,0,0.00 ,3,介護スタッフ,サービス,1,1,0,0,0,5,0,1
499,女,未,44,3780000,2850000,460000,0,0,0.12 ,3,介護スタッフ,サービス,3,0,0,0,0,21,0,0
500,女,未,65,3070000,1900000,670000,0,0,0.22 ,2,販売スタッフ,小売り,1,2,0,0,1,40,1,0
501,男,未,58,6540000,2930000,2970000,0,0,0.45 ,1,高校教員,教育,2,1,1,0,0,39,0,0
502,男,未,42,5450000,4820000,1170000,0,0,0.21 ,1,市役所職員,行政,4,0,0,0,1,14,0,1
503,男,未,56,4440000,1730000,1540000,0,0,0.35 ,3,介護スタッフ,サービス,4,3,0,0,1,9,1,1
504,女,既,57,3670000,1780000,530000,0,0,0.14 ,2,販売スタッフ,小売り,4,3,0,0,0,2,0,1
505,男,未,49,6870000,2660000,2780000,0,0,0.40 ,1,高校教員,教育,2,3,0,0,1,13,0,1
506,女,既,29,4650000,1350000,0,0,0,0.00 ,1,市役所職員,行政,2,0,1,0,1,6,0,0
507,女,未,54,6560000,390000,0,0,0,0.00 ,3,プログラマ,IT,2,3,1,0,1,36,1,0
508,女,未,40,2830000,2300000,0,1,0,0.00 ,4,ホールスタッフ,飲食,2,2,0,0,1,11,1,0
509,女,既,39,2870000,1610000,260000,0,0,0.09 ,2,製造オペレーター,製造,3,2,0,0,1,15,0,0
510,男,既,64,5100000,3710000,0,0,0,0.00 ,1,高校教員,教育,1,0,0,0,0,19,0,0
511,男,既,25,2570000,4020000,540000,0,0,0.21 ,2,製造オペレーター,製造,3,3,0,0,1,6,0,1
512,男,既,48,2760000,1710000,0,1,0,0.00 ,4,ホールスタッフ,飲食,3,1,0,0,1,18,0,0
513,男,未,32,4440000,1890000,0,1,1,0.00 ,3,店舗販売員,小売り,3,3,0,0,1,12,1,1
514,男,既,47,2940000,2300000,1460000,0,0,0.50 ,2,製造オペレーター,製造,2,2,0,0,1,29,0,0
515,女,未,40,2840000,4680000,1110000,0,0,0.39 ,4,ホールスタッフ,飲食,4,3,1,0,1,7,1,0
516,女,未,42,3880000,3580000,0,0,0,0.00 ,4,ホールスタッフ,飲食,3,3,1,0,1,14,0,0
517,女,既,50,3540000,3120000,0,0,0,0.00 ,4,ホールスタッフ,飲食,3,2,1,0,1,24,1,0
518,男,未,37,4920000,1440000,0,0,0,0.00 ,3,店舗販売員,小売り,2,3,1,0,1,12,1,1
519,女,未,47,5910000,650000,720000,0,0,0.12 ,3,プログラマ,IT,4,0,0,0,1,20,0,0
520,男,既,65,6890000,1020000,0,0,0,0.00 ,1,市役所職員,行政,3,0,0,0,0,43,0,1
521,女,未,57,3630000,4660000,1770000,0,0,0.49 ,2,接客スタッフ,サービス,2,1,0,0,1,6,0,1
522,男,既,51,3100000,1220000,1100000,0,0,0.35 ,4,ホールスタッフ,飲食,1,1,0,0,1,31,0,0
523,女,未,32,2580000,3900000,0,0,1,0.00 ,2,接客スタッフ,サービス,2,2,0,0,0,2,0,0
524,男,未,26,4000000,450000,760000,0,0,0.19 ,4,ホールスタッフ,飲食,1,1,1,0,1,0,0,1
525,男,既,61,3260000,4550000,470000,0,0,0.14 ,2,販売スタッフ,小売り,4,3,1,0,1,2,1,0
526,女,既,30,2800000,4890000,0,0,0,0.00 ,4,ホールスタッフ,飲食,1,1,1,0,1,6,0,1
527,男,未,38,2900000,4460000,370000,1,0,0.13 ,2,製造オペレーター,製造,4,0,1,0,0,7,0,1
528,女,未,29,3410000,1510000,1300000,0,0,0.38 ,2,製造オペレーター,製造,1,2,1,0,1,5,1,1
529,男,既,52,4460000,3600000,0,1,1,0.00 ,2,接客スタッフ,サービス,1,2,0,0,1,4,1,1
530,女,未,50,4700000,1280000,1100000,0,0,0.23 ,2,接客スタッフ,サービス,1,3,0,0,0,9,0,1
531,女,未,37,4740000,680000,1620000,0,0,0.34 ,2,製造オペレーター,製造,3,3,0,0,1,7,0,0
532,男,未,27,2880000,3840000,640000,0,0,0.22 ,2,製造オペレーター,製造,1,2,0,0,1,2,1,1
533,女,未,60,3870000,2540000,1590000,0,0,0.41 ,2,販売スタッフ,小売り,2,2,1,0,0,15,0,1
534,男,未,52,3590000,3550000,0,0,0,0.00 ,2,製造オペレーター,製造,1,2,1,0,0,24,0,0
535,男,未,51,5970000,2040000,1260000,0,0,0.21 ,1,高校教員,教育,2,2,1,0,0,28,1,0
536,女,未,39,6160000,4250000,0,0,0,0.00 ,1,市役所職員,行政,3,3,1,0,1,0,0,1
537,男,未,62,3680000,4400000,1430000,0,0,0.39 ,2,製造オペレーター,製造,1,0,1,0,1,28,0,0
538,男,既,40,2700000,2840000,800000,0,0,0.30 ,4,ホールスタッフ,飲食,4,0,0,0,0,2,1,0
539,女,未,32,4380000,2870000,2120000,1,1,0.48 ,3,介護スタッフ,サービス,4,1,0,0,0,3,0,0
540,男,未,29,6480000,1080000,350000,0,0,0.05 ,1,高校教員,教育,1,2,0,0,0,3,0,0
541,男,未,53,4280000,4470000,1210000,0,0,0.28 ,1,高校教員,教育,2,2,0,0,0,17,0,1
542,女,未,28,5190000,1210000,2100000,0,0,0.40 ,3,プログラマ,IT,2,3,0,0,1,0,0,1
543,女,未,63,5810000,3890000,680000,1,1,0.12 ,3,プログラマ,IT,1,1,0,0,1,28,0,1
544,女,未,53,3230000,1620000,0,0,0,0.00 ,3,店舗販売員,小売り,4,3,1,0,1,6,0,0
545,男,未,30,4040000,690000,0,0,0,0.00 ,3,店舗販売員,小売り,3,1,0,0,1,11,1,1
546,男,既,52,2680000,1290000,210000,0,0,0.08 ,2,製造オペレーター,製造,2,3,0,0,0,6,0,1
547,女,既,45,4940000,1850000,510000,0,0,0.10 ,2,接客スタッフ,サービス,2,1,0,0,0,9,0,1
548,女,既,47,7300000,2320000,0,0,0,0.00 ,3,プログラマ,IT,3,0,1,0,0,4,0,1
549,女,未,57,6310000,1190000,0,0,0,0.00 ,1,高校教員,教育,3,0,1,0,1,29,1,0
550,女,未,57,5510000,3870000,2670000,0,0,0.48 ,3,プログラマ,IT,1,2,1,0,0,32,1,0
551,男,未,59,2550000,1610000,0,0,0,0.00 ,2,接客スタッフ,サービス,3,1,0,0,1,33,1,0
552,男,未,43,3910000,2530000,0,0,0,0.00 ,3,店舗販売員,小売り,1,2,0,0,1,22,0,0
553,男,既,44,2660000,2700000,1090000,0,0,0.41 ,2,接客スタッフ,サービス,4,1,1,0,1,6,0,0
554,男,既,35,4380000,3640000,1590000,0,0,0.36 ,2,販売スタッフ,小売り,1,0,1,0,0,13,1,0
555,男,未,31,6780000,4120000,0,0,0,0.00 ,1,高校教員,教育,1,2,0,0,0,10,1,1
556,男,未,36,3780000,2850000,0,0,0,0.00 ,2,製造オペレーター,製造,4,3,1,0,0,1,0,0
557,男,未,39,6790000,3550000,0,0,0,0.00 ,1,市役所職員,行政,3,1,1,0,0,5,1,1
558,男,既,28,2230000,940000,0,0,0,0.00 ,4,ホールスタッフ,飲食,3,2,0,0,0,3,1,0
559,女,未,28,2780000,4110000,490000,0,0,0.18 ,4,ホールスタッフ,飲食,1,0,0,0,0,8,1,1
560,女,未,60,4370000,1060000,920000,0,0,0.21 ,1,高校教員,教育,3,3,1,0,1,42,0,0
561,女,未,62,3330000,1630000,0,0,0,0.00 ,3,店舗販売員,小売り,3,0,1,0,1,15,1,1
562,男,未,52,3170000,2990000,1200000,0,0,0.38 ,3,介護スタッフ,サービス,2,3,1,0,1,15,1,1
563,男,既,50,4420000,3130000,1260000,0,0,0.29 ,2,接客スタッフ,サービス,3,1,1,0,0,14,0,1
564,女,既,27,3450000,700000,520000,0,0,0.15 ,2,製造オペレーター,製造,4,2,0,0,1,3,0,0
565,男,未,35,2500000,2340000,0,0,0,0.00 ,3,介護スタッフ,サービス,1,1,0,0,1,13,0,0
566,女,未,37,4090000,2040000,0,0,0,0.00 ,1,高校教員,教育,4,0,0,0,0,13,1,1
567,男,既,63,4150000,3650000,0,0,0,0.00 ,1,市役所職員,行政,1,2,0,0,0,26,0,1
568,女,未,65,4710000,3620000,0,0,0,0.00 ,1,市役所職員,行政,4,1,0,0,1,3,0,0
569,女,未,29,3240000,1280000,1270000,0,0,0.39 ,2,接客スタッフ,サービス,1,1,1,0,0,8,1,1
570,男,未,25,4770000,3320000,0,0,0,0.00 ,1,高校教員,教育,4,1,1,0,1,6,0,0
571,女,未,50,3670000,890000,0,0,0,0.00 ,2,接客スタッフ,サービス,4,3,0,0,1,20,0,0
572,女,未,55,3510000,420000,0,0,0,0.00 ,2,製造オペレーター,製造,4,3,0,0,0,34,0,1
573,女,未,61,2560000,4700000,0,0,0,0.00 ,3,介護スタッフ,サービス,4,1,1,0,0,17,0,0
574,男,未,53,3000000,1180000,1050000,0,0,0.35 ,2,接客スタッフ,サービス,4,3,1,0,0,21,0,1
575,男,未,49,7140000,4310000,0,0,0,0.00 ,3,プログラマ,IT,1,0,0,0,1,15,0,0
576,女,既,29,4010000,2560000,0,1,0,0.00 ,3,店舗販売員,小売り,2,1,0,0,1,0,1,1
577,女,未,35,3770000,2550000,0,0,0,0.00 ,2,製造オペレーター,製造,1,1,0,0,0,4,1,0
578,男,未,28,4770000,3140000,0,0,0,0.00 ,1,市役所職員,行政,2,2,0,0,0,6,1,1
579,女,既,28,3380000,4780000,520000,0,0,0.15 ,2,接客スタッフ,サービス,3,0,0,0,0,2,0,1
580,女,既,60,2990000,1320000,540000,0,0,0.18 ,4,ホールスタッフ,飲食,2,0,1,0,1,19,0,0
581,男,未,25,3760000,3510000,1440000,0,0,0.38 ,3,介護スタッフ,サービス,4,3,1,0,1,5,0,0
582,男,既,30,2930000,670000,0,1,0,0.00 ,2,接客スタッフ,サービス,4,3,1,0,1,2,1,1
583,男,未,50,2780000,1760000,0,0,0,0.00 ,3,介護スタッフ,サービス,2,0,0,0,1,27,0,1
584,女,未,44,2940000,2270000,1310000,0,0,0.45 ,3,介護スタッフ,サービス,2,3,1,0,1,12,1,1
585,男,未,36,7400000,4880000,2540000,0,0,0.34 ,3,プログラマ,IT,1,1,0,0,1,18,0,0
586,男,既,61,4010000,1760000,1750000,0,0,0.44 ,3,介護スタッフ,サービス,1,0,1,0,1,29,1,1
587,女,未,48,6710000,4880000,2520000,0,0,0.38 ,1,高校教員,教育,4,3,0,0,1,7,1,1
588,女,未,46,3300000,2330000,570000,0,0,0.17 ,4,ホールスタッフ,飲食,4,3,0,0,1,8,1,0
589,女,未,61,3710000,2820000,420000,0,0,0.11 ,2,製造オペレーター,製造,3,0,1,0,1,34,1,0
590,男,未,53,3190000,1160000,350000,0,0,0.11 ,2,販売スタッフ,小売り,2,0,1,0,0,21,0,1
591,女,未,47,4590000,4310000,1200000,0,0,0.26 ,3,介護スタッフ,サービス,1,1,1,0,0,19,1,0
592,男,既,35,4050000,370000,0,0,0,0.00 ,2,製造オペレーター,製造,4,3,0,0,1,3,0,1
593,男,既,40,6730000,2150000,1600000,0,0,0.24 ,1,市役所職員,行政,4,1,1,0,1,5,1,0
594,女,未,54,4890000,1970000,300000,0,0,0.06 ,1,高校教員,教育,3,0,1,0,1,36,0,0
595,男,未,49,3050000,4300000,660000,0,0,0.22 ,2,販売スタッフ,小売り,4,3,0,0,1,23,1,0
596,男,未,26,4160000,3090000,0,0,0,0.00 ,2,接客スタッフ,サービス,2,1,1,0,1,0,1,1
597,男,未,56,4150000,1760000,0,0,0,0.00 ,1,市役所職員,行政,3,3,0,0,0,6,0,0
598,女,既,55,3130000,4430000,0,0,0,0.00 ,4,ホールスタッフ,飲食,1,1,0,0,1,3,0,1
599,男,既,47,2880000,2400000,0,0,0,0.00 ,2,接客スタッフ,サービス,4,2,1,0,0,18,0,1
600,女,未,40,4260000,2150000,1420000,0,0,0.33 ,3,介護スタッフ,サービス,1,2,0,0,0,2,1,1
601,男,未,26,2800000,760000,220000,0,0,0.08 ,2,販売スタッフ,小売り,4,3,0,0,0,2,0,1
602,女,未,39,3010000,1650000,270000,0,0,0.09 ,4,ホールスタッフ,飲食,3,3,0,0,0,5,0,0
603,男,未,58,3650000,2890000,0,0,0,0.00 ,3,店舗販売員,小売り,4,0,0,1,1,13,0,0
604,女,未,27,4820000,330000,630000,0,0,0.13 ,2,製造オペレーター,製造,3,1,0,0,1,4,1,0
605,女,未,50,4540000,2180000,680000,0,0,0.15 ,1,高校教員,教育,2,2,1,0,0,10,1,1
606,男,未,33,7820000,1910000,3130000,0,0,0.40 ,3,プログラマ,IT,2,1,0,0,1,15,1,1
607,男,既,43,3000000,680000,600000,0,0,0.20 ,3,店舗販売員,小売り,3,2,1,0,1,19,1,1
608,男,未,43,2900000,2340000,300000,0,0,0.10 ,4,ホールスタッフ,飲食,2,0,0,1,0,8,0,1
609,女,未,47,2730000,370000,0,0,0,0.00 ,2,接客スタッフ,サービス,2,3,0,0,1,24,1,0
610,男,未,33,3310000,4910000,0,0,0,0.00 ,4,ホールスタッフ,飲食,4,2,1,0,1,1,1,0
611,男,既,35,5790000,4690000,0,0,0,0.00 ,1,高校教員,教育,4,3,1,0,0,3,0,1
612,男,未,25,5120000,1130000,0,0,0,0.00 ,1,市役所職員,行政,4,3,1,0,0,3,0,1
613,男,未,31,2990000,1930000,900000,0,0,0.30 ,4,ホールスタッフ,飲食,1,2,0,0,0,4,0,0
614,女,未,48,4600000,480000,0,0,0,0.00 ,2,販売スタッフ,小売り,3,1,1,0,1,5,0,0
615,男,未,56,2870000,2580000,380000,0,0,0.13 ,3,介護スタッフ,サービス,1,3,1,0,0,7,0,0
616,女,未,42,5640000,510000,0,0,0,0.00 ,1,高校教員,教育,2,2,1,0,1,3,1,1
617,女,未,27,3080000,4450000,610000,0,0,0.20 ,2,販売スタッフ,小売り,3,2,1,0,1,2,0,0
618,男,既,36,2700000,3170000,0,0,0,0.00 ,4,ホールスタッフ,飲食,2,0,0,0,0,8,0,1
619,女,既,53,4400000,3230000,1010000,0,0,0.23 ,2,製造オペレーター,製造,4,0,1,1,1,18,1,1
620,女,未,55,2860000,3650000,1150000,0,0,0.40 ,3,介護スタッフ,サービス,2,1,1,0,0,3,1,0
621,女,未,44,4580000,3430000,0,0,0,0.00 ,2,接客スタッフ,サービス,2,0,0,0,1,1,1,0
622,女,既,52,4660000,2100000,1950000,0,0,0.42 ,3,プログラマ,IT,4,3,0,0,0,8,1,0
623,男,未,25,3790000,1350000,0,0,0,0.00 ,2,製造オペレーター,製造,1,2,0,0,0,2,1,0
624,女,未,54,2590000,640000,810000,1,0,0.31 ,4,ホールスタッフ,飲食,3,1,0,0,1,17,1,1
625,男,既,36,4760000,2260000,840000,0,0,0.18 ,1,市役所職員,行政,3,1,0,0,0,11,1,0
626,男,未,51,4400000,4900000,1500000,0,0,0.34 ,1,市役所職員,行政,1,1,0,0,1,24,1,0
627,女,既,36,4460000,3510000,1190000,0,0,0.27 ,1,市役所職員,行政,3,1,1,0,1,16,0,0
628,男,既,39,3830000,4040000,870000,0,0,0.23 ,2,販売スタッフ,小売り,3,0,0,0,1,17,1,0
629,男,未,29,6920000,1850000,2980000,0,0,0.43 ,1,高校教員,教育,4,0,1,0,1,0,1,1
630,女,未,33,3130000,1980000,0,0,0,0.00 ,2,製造オペレーター,製造,2,3,1,1,1,15,0,0
631,男,未,38,4830000,4780000,510000,0,0,0.11 ,2,製造オペレーター,製造,2,1,0,0,0,10,1,1
632,男,未,60,4760000,3440000,1210000,0,0,0.25 ,1,市役所職員,行政,2,2,1,0,1,5,1,1
633,女,未,32,2500000,3640000,760000,0,0,0.30 ,2,接客スタッフ,サービス,1,1,0,0,0,14,1,0
634,女,未,28,3740000,2360000,1810000,0,0,0.48 ,3,介護スタッフ,サービス,2,1,1,0,1,5,0,0
635,女,未,46,6560000,530000,470000,0,0,0.07 ,1,高校教員,教育,1,2,0,0,1,8,1,1
636,女,未,37,2970000,4980000,0,0,0,0.00 ,2,接客スタッフ,サービス,2,1,1,0,1,16,1,0
637,女,既,45,4910000,4430000,0,0,0,0.00 ,3,プログラマ,IT,3,2,1,0,1,13,1,1
638,男,既,46,4290000,3150000,1520000,0,0,0.35 ,1,高校教員,教育,2,3,0,0,1,10,0,1
639,男,未,28,4200000,4610000,1750000,0,0,0.42 ,3,店舗販売員,小売り,2,1,1,0,0,4,0,1
640,女,未,34,4430000,3750000,620000,0,0,0.14 ,3,プログラマ,IT,1,1,1,0,1,4,0,1
641,男,未,60,4870000,4890000,550000,0,0,0.11 ,2,販売スタッフ,小売り,2,0,1,0,1,23,1,1
642,女,既,57,4120000,2080000,0,0,0,0.00 ,3,介護スタッフ,サービス,3,3,1,0,0,0,0,0
643,女,未,53,2530000,4110000,590000,0,0,0.23 ,2,製造オペレーター,製造,4,3,1,0,1,32,1,0
644,女,未,37,6130000,4640000,1100000,0,0,0.18 ,1,高校教員,教育,3,1,1,0,0,7,0,0
645,男,未,45,5510000,1250000,0,0,0,0.00 ,1,市役所職員,行政,4,3,1,0,0,14,1,1
646,男,既,28,4960000,4720000,0,0,0,0.00 ,1,高校教員,教育,2,3,1,0,0,1,0,0
647,女,未,37,5710000,3840000,880000,0,0,0.15 ,1,高校教員,教育,4,3,1,0,1,0,0,0
648,女,未,51,4060000,360000,1670000,0,0,0.41 ,3,介護スタッフ,サービス,4,0,1,0,1,21,0,1
649,男,既,43,5120000,2410000,0,0,0,0.00 ,1,高校教員,教育,4,1,1,0,1,7,0,1
650,女,未,60,2500000,4960000,870000,0,0,0.35 ,4,ホールスタッフ,飲食,4,2,0,0,0,35,0,0
651,女,未,52,2590000,4110000,0,0,0,0.00 ,3,介護スタッフ,サービス,4,3,1,0,0,10,1,0
652,女,未,47,4510000,570000,1270000,0,0,0.28 ,1,高校教員,教育,1,1,0,0,1,27,1,1
653,男,未,57,3360000,4640000,1550000,1,0,0.46 ,3,店舗販売員,小売り,1,1,0,0,0,14,1,1
654,女,未,63,3410000,2360000,0,0,0,0.00 ,4,ホールスタッフ,飲食,4,2,0,0,1,33,1,0
655,男,未,42,7740000,2180000,0,0,0,0.00 ,3,プログラマ,IT,1,0,0,0,0,16,0,1
656,女,未,52,3160000,2600000,0,0,0,0.00 ,3,介護スタッフ,サービス,1,1,0,0,0,18,1,1
657,男,未,28,4840000,3100000,1710000,0,0,0.35 ,2,製造オペレーター,製造,4,3,0,0,1,4,0,0
658,女,既,26,5510000,1950000,2090000,0,0,0.38 ,1,市役所職員,行政,2,0,0,0,0,0,0,1
659,男,未,56,2540000,3540000,0,1,0,0.00 ,4,ホールスタッフ,飲食,2,0,1,0,0,10,1,1
660,男,未,41,4030000,310000,0,0,0,0.00 ,1,高校教員,教育,3,0,0,0,1,0,1,1
661,男,未,27,4440000,3710000,1840000,0,0,0.41 ,3,店舗販売員,小売り,4,0,1,0,0,9,1,0
662,女,未,55,3150000,2440000,0,0,0,0.00 ,3,介護スタッフ,サービス,2,1,0,0,0,34,0,0
663,女,既,45,4060000,4330000,0,0,0,0.00 ,2,販売スタッフ,小売り,4,1,0,0,0,21,0,0
664,女,未,38,4060000,2000000,380000,0,0,0.09 ,3,介護スタッフ,サービス,4,0,0,0,1,19,0,0
665,女,既,58,6620000,2630000,660000,0,0,0.10 ,1,市役所職員,行政,1,0,0,0,1,23,0,0
666,女,既,63,2900000,3010000,0,0,0,0.00 ,4,ホールスタッフ,飲食,2,1,1,1,1,15,0,1
667,男,未,33,6140000,2540000,0,0,0,0.00 ,1,高校教員,教育,3,0,1,0,1,4,1,1
668,男,既,26,6000000,3420000,0,0,0,0.00 ,3,プログラマ,IT,1,0,0,0,0,8,1,0
669,男,既,33,3530000,4530000,1510000,0,0,0.43 ,4,ホールスタッフ,飲食,1,0,0,0,0,14,1,0
670,女,既,40,3900000,1400000,990000,0,0,0.25 ,4,ホールスタッフ,飲食,1,1,0,0,1,15,0,1
671,男,既,61,3140000,3700000,0,0,0,0.00 ,4,ホールスタッフ,飲食,1,0,1,0,0,34,0,0
672,女,未,44,2740000,2260000,0,0,0,0.00 ,4,ホールスタッフ,飲食,1,0,1,0,1,8,1,0
673,男,既,54,4540000,490000,230000,0,0,0.05 ,3,プログラマ,IT,3,3,1,0,0,0,1,1
674,女,未,64,5720000,530000,990000,0,0,0.17 ,1,高校教員,教育,4,1,1,0,1,44,0,0
675,男,未,47,4610000,4040000,890000,0,0,0.19 ,2,接客スタッフ,サービス,1,0,0,0,0,19,1,0
676,女,未,45,4500000,2220000,0,0,0,0.00 ,3,介護スタッフ,サービス,2,3,1,0,0,22,0,1
677,女,未,51,7340000,3120000,2620000,0,0,0.36 ,3,プログラマ,IT,2,2,1,0,1,11,0,0
678,女,未,31,4760000,1320000,0,0,0,0.00 ,1,高校教員,教育,2,2,0,0,0,13,0,0
679,男,既,62,2610000,790000,0,0,0,0.00 ,3,介護スタッフ,サービス,1,0,1,0,0,40,0,0
680,女,既,46,4130000,1230000,0,0,0,0.00 ,3,介護スタッフ,サービス,2,3,1,1,0,14,0,0
681,男,既,53,4710000,2410000,900000,0,0,0.19 ,1,市役所職員,行政,2,2,1,0,1,30,1,0
682,男,未,27,3710000,1740000,0,0,0,0.00 ,3,介護スタッフ,サービス,2,0,1,0,0,5,1,1
683,女,既,49,4660000,1170000,2210000,0,0,0.47 ,3,介護スタッフ,サービス,2,0,1,0,1,27,1,0
684,女,既,35,2010000,1200000,660000,0,0,0.33 ,4,ホールスタッフ,飲食,3,3,0,0,0,13,0,1
685,男,未,34,2050000,1380000,0,0,0,0.00 ,4,ホールスタッフ,飲食,2,1,1,0,1,7,1,0
686,女,未,27,3770000,2660000,500000,0,0,0.13 ,2,販売スタッフ,小売り,2,3,0,0,0,0,1,1
687,女,未,53,3420000,1900000,0,0,0,0.00 ,3,介護スタッフ,サービス,1,0,0,0,0,13,0,0
688,男,未,47,2390000,3530000,960000,1,1,0.40 ,4,ホールスタッフ,飲食,2,0,0,0,1,28,1,0
689,男,既,34,3920000,3930000,380000,0,0,0.10 ,4,ホールスタッフ,飲食,3,3,0,0,0,8,1,1
690,男,既,25,4270000,1580000,0,0,0,0.00 ,1,高校教員,教育,4,3,1,0,1,4,1,1
691,男,既,36,4430000,810000,370000,0,0,0.08 ,1,高校教員,教育,2,2,1,0,1,13,1,0
692,男,未,51,2930000,4070000,0,0,0,0.00 ,2,販売スタッフ,小売り,1,3,1,0,1,7,0,1
693,女,既,57,4270000,4690000,900000,0,0,0.21 ,1,市役所職員,行政,4,0,1,0,0,24,1,0
694,男,未,54,4650000,4330000,2320000,1,0,0.50 ,3,プログラマ,IT,4,3,1,0,0,31,1,1
695,男,未,47,3140000,2880000,0,0,0,0.00 ,3,介護スタッフ,サービス,4,0,0,0,1,28,1,1
696,男,未,41,2710000,2260000,930000,0,0,0.34 ,2,製造オペレーター,製造,4,0,1,0,0,9,1,1
697,女,未,34,6920000,3250000,0,0,0,0.00 ,1,市役所職員,行政,2,1,0,0,1,3,0,0
698,男,未,61,3590000,3540000,0,0,0,0.00 ,2,販売スタッフ,小売り,1,3,0,0,1,25,0,1
699,女,未,51,4700000,4440000,0,0,0,0.00 ,3,店舗販売員,小売り,2,1,0,0,1,26,0,0
700,男,既,34,3390000,2160000,1320000,0,0,0.39 ,3,店舗販売員,小売り,4,1,0,0,1,10,1,1
701,女,未,28,2340000,4010000,0,0,0,0.00 ,4,清掃員,サービス,2,0,0,0,0,4,1,0
702,女,未,65,2280000,4660000,0,0,0,0.00 ,4,清掃員,サービス,3,0,1,0,0,47,0,0
703,男,既,33,3600000,1950000,1610000,0,0,0.45 ,4,ホールスタッフ,飲食,3,3,0,0,0,13,1,0
704,女,既,47,2610000,3470000,0,0,0,0.00 ,3,介護スタッフ,サービス,3,1,0,0,1,24,0,1
705,男,既,44,2550000,3090000,230000,1,1,0.09 ,4,ホールスタッフ,飲食,2,3,0,0,0,4,1,0
706,男,未,49,6530000,1440000,570000,0,0,0.09 ,1,高校教員,教育,3,2,1,0,0,13,1,0
707,男,未,62,6160000,2960000,1150000,0,0,0.19 ,1,高校教員,教育,3,3,0,0,0,10,0,1
708,男,既,30,3310000,2390000,760000,0,0,0.23 ,4,ホールスタッフ,飲食,4,3,0,0,0,8,1,1
709,男,既,47,4890000,2810000,0,0,0,0.00 ,3,プログラマ,IT,2,0,0,0,1,7,0,1
710,女,未,32,2700000,2140000,0,0,0,0.00 ,4,ホールスタッフ,飲食,4,3,1,0,1,1,0,1
711,女,既,52,4210000,3800000,1400000,0,0,0.33 ,1,市役所職員,行政,1,2,0,0,0,33,1,0
712,男,未,27,3570000,2510000,260000,0,0,0.07 ,2,製造オペレーター,製造,4,0,0,0,0,0,1,1
713,女,未,48,4060000,3630000,1620000,0,0,0.40 ,2,接客スタッフ,サービス,3,0,1,0,1,2,1,0
714,男,未,42,4360000,2360000,2150000,0,0,0.49 ,3,介護スタッフ,サービス,1,2,0,0,0,23,1,1
715,女,未,58,2840000,3580000,380000,0,0,0.13 ,4,ホールスタッフ,飲食,3,0,0,0,0,24,1,0
716,男,未,61,3560000,3850000,0,0,0,0.00 ,4,ホールスタッフ,飲食,2,2,1,0,1,32,1,0
717,男,未,33,2970000,3050000,0,0,0,0.00 ,4,ホールスタッフ,飲食,2,1,1,0,1,7,1,0
718,男,未,47,2650000,4960000,800000,0,0,0.30 ,3,介護スタッフ,サービス,1,3,0,0,1,19,1,1
719,女,未,58,5480000,2860000,0,0,0,0.00 ,1,市役所職員,行政,4,3,0,0,0,0,0,0
720,女,未,32,4120000,3370000,310000,0,0,0.08 ,3,店舗販売員,小売り,3,1,0,0,1,11,0,1
721,女,未,46,3580000,3260000,1620000,0,0,0.45 ,4,ホールスタッフ,飲食,3,1,0,0,0,3,1,0
722,男,未,60,4600000,4830000,440000,0,0,0.10 ,1,高校教員,教育,2,0,1,0,1,39,0,1
723,女,未,41,2880000,490000,0,1,0,0.00 ,2,販売スタッフ,小売り,2,1,1,0,0,16,0,1
724,男,既,26,4230000,3230000,900000,0,0,0.21 ,2,製造オペレーター,製造,2,1,0,0,1,0,0,0
725,女,未,46,3670000,4890000,0,0,0,0.00 ,4,ホールスタッフ,飲食,1,1,1,0,1,23,0,0
726,女,未,43,2770000,3430000,630000,0,0,0.23 ,2,接客スタッフ,サービス,1,2,1,0,1,25,0,1
727,男,未,59,4730000,4710000,310000,0,0,0.07 ,1,市役所職員,行政,4,3,0,0,1,32,0,1
728,女,未,32,3800000,4100000,1470000,0,0,0.39 ,2,販売スタッフ,小売り,2,3,0,0,1,11,1,1
729,女,既,49,3340000,3660000,0,0,0,0.00 ,2,接客スタッフ,サービス,1,3,0,0,1,3,0,1
730,女,既,42,3900000,610000,1560000,0,0,0.40 ,2,販売スタッフ,小売り,1,3,1,0,0,10,1,1
731,男,未,42,640000,1140000,0,1,0,0.00 ,5,無職,なし,2,2,1,0,0,4,1,1
732,男,未,43,7290000,4710000,0,0,0,0.00 ,3,プログラマ,IT,2,1,0,0,0,2,1,0
733,女,既,36,3530000,3660000,0,0,0,0.00 ,4,ホールスタッフ,飲食,1,3,0,0,1,3,0,1
734,女,未,62,3070000,2110000,860000,0,0,0.28 ,2,製造オペレーター,製造,3,1,1,0,1,16,0,1
735,男,未,62,2080000,3110000,830000,0,0,0.40 ,4,ホールスタッフ,飲食,4,2,1,0,1,32,0,1
736,女,未,56,3160000,2410000,0,0,0,0.00 ,2,接客スタッフ,サービス,2,0,0,0,1,25,0,0
737,男,未,39,4950000,650000,2190000,0,0,0.44 ,3,介護スタッフ,サービス,4,2,1,0,0,11,1,0
738,男,未,43,6370000,3250000,0,0,0,0.00 ,1,市役所職員,行政,4,1,0,0,0,20,1,0
739,女,既,31,5210000,4290000,0,0,0,0.00 ,3,プログラマ,IT,4,2,0,0,0,11,0,1
740,男,既,59,3110000,3860000,0,0,0,0.00 ,2,販売スタッフ,小売り,2,0,1,0,0,9,1,1
741,男,未,64,4430000,2340000,0,0,0,0.00 ,2,製造オペレーター,製造,4,0,0,0,1,37,1,1
742,男,未,43,4760000,2760000,0,0,0,0.00 ,2,接客スタッフ,サービス,2,3,0,0,1,13,1,1
743,女,未,28,2020000,2370000,0,0,0,0.00 ,4,ホールスタッフ,飲食,1,0,1,0,0,4,0,0
744,女,未,25,2530000,1050000,1050000,0,0,0.42 ,2,販売スタッフ,小売り,4,2,0,0,1,2,0,0
745,女,未,59,2790000,1320000,0,1,0,0.00 ,4,ホールスタッフ,飲食,4,3,1,0,0,13,0,0
746,男,既,59,6510000,2080000,0,0,0,0.00 ,1,市役所職員,行政,2,1,1,0,0,14,0,0
747,女,既,29,2800000,4540000,0,0,0,0.00 ,2,販売スタッフ,小売り,4,3,0,0,1,10,0,1
748,女,既,29,4720000,2020000,0,0,0,0.00 ,3,プログラマ,IT,4,0,1,1,1,5,1,1
749,男,既,54,4870000,3950000,520000,0,0,0.11 ,2,販売スタッフ,小売り,3,2,1,0,1,7,1,0
750,男,未,61,6350000,4270000,850000,0,0,0.13 ,1,高校教員,教育,4,2,1,0,0,36,1,0
751,女,未,41,4170000,3750000,420000,0,0,0.10 ,1,市役所職員,行政,4,1,0,0,1,18,0,0
752,女,未,54,3680000,4650000,250000,0,0,0.07 ,3,介護スタッフ,サービス,3,1,0,0,0,1,0,0
753,女,未,52,4920000,3880000,500000,0,0,0.10 ,2,製造オペレーター,製造,1,1,1,0,1,5,1,1
754,女,未,43,5070000,4820000,600000,0,0,0.12 ,1,高校教員,教育,1,3,0,0,0,12,1,1
755,女,既,31,3550000,3510000,1340000,0,0,0.38 ,4,ホールスタッフ,飲食,4,1,0,0,1,6,0,1
756,女,既,35,4640000,2250000,0,0,0,0.00 ,3,介護スタッフ,サービス,2,1,0,0,1,2,1,1
757,女,未,57,6750000,1630000,1440000,0,0,0.21 ,1,市役所職員,行政,3,0,1,0,0,20,1,1
758,女,未,65,2870000,1180000,630000,0,0,0.22 ,3,店舗販売員,小売り,4,0,1,0,1,23,1,1
759,女,既,44,4450000,4520000,1390000,0,0,0.31 ,2,接客スタッフ,サービス,1,0,1,0,1,16,1,1
760,女,既,54,5240000,1580000,0,0,0,0.00 ,1,高校教員,教育,4,2,0,0,1,15,1,1
761,男,未,34,4620000,3480000,0,0,0,0.00 ,3,店舗販売員,小売り,2,2,0,0,0,0,0,0
762,女,未,55,2750000,970000,0,0,0,0.00 ,4,ホールスタッフ,飲食,3,0,0,1,0,21,1,1
763,女,未,42,2510000,1190000,430000,1,0,0.17 ,2,販売スタッフ,小売り,4,2,1,0,0,1,0,0
764,男,未,25,3340000,2120000,1470000,1,0,0.44 ,2,販売スタッフ,小売り,2,1,1,0,1,2,0,1
765,女,未,59,6860000,1590000,1910000,0,0,0.28 ,1,高校教員,教育,1,2,1,0,0,23,1,1
766,女,未,63,7660000,4680000,0,0,0,0.00 ,3,プログラマ,IT,1,0,1,0,1,10,0,0
767,男,未,35,4630000,2610000,0,0,0,0.00 ,1,高校教員,教育,3,0,1,0,1,5,0,0
768,男,既,30,4150000,530000,0,0,0,0.00 ,2,製造オペレーター,製造,1,1,1,0,1,2,0,1
769,女,未,62,3780000,540000,1520000,0,0,0.40 ,3,店舗販売員,小売り,1,2,0,1,0,23,0,0
770,女,既,45,4380000,4680000,0,0,0,0.00 ,3,介護スタッフ,サービス,4,0,0,0,0,18,1,0
771,男,既,38,6990000,1180000,1170000,0,0,0.17 ,1,高校教員,教育,4,2,1,0,1,13,1,1
772,女,未,56,2930000,370000,0,0,0,0.00 ,4,ホールスタッフ,飲食,1,3,0,0,0,21,1,0
773,男,未,43,2940000,1640000,0,0,0,0.00 ,4,ホールスタッフ,飲食,1,0,0,0,0,0,0,0
774,女,既,54,4780000,3220000,2290000,0,0,0.48 ,1,高校教員,教育,1,0,1,0,0,10,0,1
775,男,既,36,2840000,4150000,710000,1,0,0.25 ,2,製造オペレーター,製造,4,0,0,0,0,14,0,1
776,男,未,27,3660000,4690000,0,0,0,0.00 ,4,ホールスタッフ,飲食,1,2,1,0,1,8,0,1
777,男,既,55,2960000,3480000,0,1,0,0.00 ,2,接客スタッフ,サービス,1,0,1,0,0,18,1,1
778,女,未,59,5010000,3310000,0,0,0,0.00 ,1,高校教員,教育,1,1,1,0,1,34,0,1
779,女,未,62,3240000,2910000,0,0,0,0.00 ,2,接客スタッフ,サービス,1,0,1,0,1,15,1,0
780,女,未,53,2100000,4410000,0,0,0,0.00 ,4,ホールスタッフ,飲食,3,0,0,0,1,0,1,0
781,男,未,40,5830000,1870000,0,0,0,0.00 ,1,市役所職員,行政,2,0,0,0,0,3,0,0
782,女,未,40,3350000,2320000,0,0,0,0.00 ,4,ホールスタッフ,飲食,1,1,0,0,1,4,1,1
783,女,未,50,3410000,3930000,1100000,0,0,0.32 ,2,接客スタッフ,サービス,2,0,1,0,0,7,1,0
784,女,未,59,3260000,3660000,400000,0,0,0.12 ,4,ホールスタッフ,飲食,3,3,0,0,0,37,1,0
785,女,未,53,4310000,2830000,0,0,0,0.00 ,2,接客スタッフ,サービス,1,3,0,0,1,20,1,0
786,男,未,60,2870000,630000,1260000,1,0,0.44 ,2,接客スタッフ,サービス,4,0,1,0,0,26,1,0
787,女,未,50,3570000,850000,0,0,0,0.00 ,4,ホールスタッフ,飲食,4,2,1,0,1,22,1,0
788,女,既,33,4950000,4080000,0,0,0,0.00 ,2,接客スタッフ,サービス,4,0,1,0,0,5,1,0
789,男,未,33,6810000,490000,0,0,0,0.00 ,1,高校教員,教育,1,1,0,0,1,15,1,1
790,男,未,52,3750000,410000,980000,0,0,0.26 ,3,介護スタッフ,サービス,1,3,0,0,1,30,1,0
791,男,既,26,2840000,4260000,0,0,0,0.00 ,2,接客スタッフ,サービス,3,0,0,0,1,7,1,0
792,女,未,64,4260000,1600000,0,0,0,0.00 ,1,市役所職員,行政,3,2,0,0,0,24,1,1
793,男,未,61,4320000,3520000,1990000,0,0,0.46 ,1,高校教員,教育,4,2,0,0,0,20,1,0
794,男,既,41,3530000,3110000,1290000,0,0,0.37 ,2,販売スタッフ,小売り,2,2,0,0,0,22,0,0
795,男,未,34,3710000,2270000,630000,0,0,0.17 ,3,店舗販売員,小売り,2,1,1,0,0,4,0,0
796,男,未,38,2890000,1460000,890000,1,0,0.31 ,4,ホールスタッフ,飲食,3,3,0,0,0,14,0,0
797,女,未,36,3990000,790000,470000,0,0,0.12 ,3,介護スタッフ,サービス,4,0,0,0,0,1,0,0
798,男,既,59,6690000,2600000,0,0,0,0.00 ,3,プログラマ,IT,3,1,1,0,0,29,0,0
799,男,既,49,7510000,1730000,3090000,0,0,0.41 ,3,プログラマ,IT,2,2,1,0,1,1,1,0
800,女,未,61,4000000,890000,0,0,0,0.00 ,4,ホールスタッフ,飲食,1,0,0,0,1,30,1,1
801,男,未,29,2860000,2500000,160000,1,0,0.06 ,4,ホールスタッフ,飲食,1,1,0,0,1,7,0,0
802,男,既,27,6360000,1980000,0,0,0,0.00 ,1,市役所職員,行政,2,0,1,0,0,5,1,1
803,男,未,30,4900000,690000,0,0,0,0.00 ,2,製造オペレーター,製造,4,3,0,0,1,3,1,0
804,女,未,39,4390000,2400000,0,0,0,0.00 ,2,接客スタッフ,サービス,2,0,0,0,0,10,0,1
805,女,未,58,4320000,730000,820000,0,0,0.19 ,3,店舗販売員,小売り,3,0,1,0,0,39,0,0
806,男,未,60,3700000,320000,1280000,0,0,0.35 ,3,介護スタッフ,サービス,3,2,1,0,0,30,1,1
807,男,既,50,4930000,1750000,1640000,0,0,0.33 ,2,接客スタッフ,サービス,1,2,0,0,0,29,0,1
808,女,未,28,4900000,4060000,1760000,0,0,0.36 ,1,高校教員,教育,3,3,0,0,1,1,0,0
809,女,未,54,3910000,1430000,0,0,0,0.00 ,4,ホールスタッフ,飲食,4,2,1,0,0,35,0,1
810,女,未,27,6150000,1370000,2080000,0,0,0.34 ,3,プログラマ,IT,4,1,0,0,0,5,1,1
811,男,既,28,4840000,4470000,300000,0,0,0.06 ,1,市役所職員,行政,3,2,0,0,0,2,1,0
812,男,既,54,4420000,4470000,1900000,0,0,0.43 ,3,プログラマ,IT,2,2,1,0,1,10,1,0
813,男,未,39,6840000,2550000,1040000,0,0,0.15 ,1,市役所職員,行政,1,2,1,0,1,11,0,0
814,男,未,42,3210000,4210000,230000,0,0,0.07 ,2,製造オペレーター,製造,1,3,1,0,1,18,0,0
815,男,未,38,2900000,4710000,240000,0,0,0.08 ,4,ホールスタッフ,飲食,1,3,1,0,1,14,0,0
816,女,未,36,6280000,4720000,0,0,0,0.00 ,1,高校教員,教育,1,0,0,0,0,14,1,0
817,男,未,49,3330000,3770000,0,0,0,0.00 ,4,ホールスタッフ,飲食,2,2,0,1,0,10,0,1
818,女,未,58,7880000,3080000,610000,1,1,0.08 ,3,プログラマ,IT,1,0,0,0,1,14,0,1
819,男,未,52,5330000,2880000,770000,0,0,0.14 ,3,プログラマ,IT,3,2,1,0,1,22,0,0
820,女,未,25,4030000,3890000,0,0,0,0.00 ,1,市役所職員,行政,3,1,1,0,0,2,0,1
821,女,未,41,5070000,760000,0,0,0,0.00 ,1,高校教員,教育,2,0,0,0,0,13,0,0
822,女,未,36,5120000,1560000,0,0,0,0.00 ,1,市役所職員,行政,4,0,1,0,1,11,0,0
823,男,未,47,2590000,620000,770000,0,0,0.30 ,2,接客スタッフ,サービス,3,3,1,0,0,3,1,0
824,女,未,27,5820000,1530000,0,0,0,0.00 ,1,高校教員,教育,3,3,1,0,1,7,1,1
825,男,既,36,3900000,2450000,1890000,0,0,0.48 ,2,接客スタッフ,サービス,1,3,1,0,0,13,0,0
826,男,未,37,4120000,1740000,710000,0,0,0.17 ,1,高校教員,教育,4,2,1,0,0,7,0,1
827,男,既,31,3350000,4860000,1010000,0,0,0.30 ,3,店舗販売員,小売り,4,3,1,0,1,6,0,1
828,男,既,44,110000,990000,0,1,0,0.00 ,5,無職,なし,2,0,1,1,0,10,0,0
829,男,未,53,5160000,950000,1990000,0,0,0.39 ,1,高校教員,教育,3,1,0,0,0,29,0,0
830,女,未,34,4170000,2820000,490000,0,0,0.12 ,2,製造オペレーター,製造,4,3,0,0,1,7,0,0
831,女,未,27,7390000,4600000,0,1,1,0.00 ,3,プログラマ,IT,2,1,1,0,0,1,0,1
832,女,未,36,4820000,4870000,1470000,0,0,0.30 ,3,介護スタッフ,サービス,1,2,1,0,1,16,0,1
833,男,既,46,3370000,2480000,760000,0,0,0.23 ,4,ホールスタッフ,飲食,3,2,1,0,0,15,0,1
834,女,既,32,3920000,2600000,740000,0,0,0.19 ,4,ホールスタッフ,飲食,1,1,1,0,0,14,0,1
835,男,未,60,5090000,380000,0,0,0,0.00 ,1,高校教員,教育,2,2,0,0,0,39,1,1
836,男,未,33,5950000,2420000,0,0,0,0.00 ,1,市役所職員,行政,2,2,1,0,1,8,0,1
837,女,未,31,3140000,3820000,0,0,0,0.00 ,2,製造オペレーター,製造,1,3,0,0,1,6,0,1
838,女,未,65,2500000,470000,1130000,0,0,0.45 ,4,ホールスタッフ,飲食,4,0,1,1,1,39,0,0
839,女,未,28,3810000,1290000,570000,0,0,0.15 ,2,製造オペレーター,製造,2,1,0,0,0,1,1,0
840,女,未,34,3660000,4070000,390000,0,0,0.11 ,3,介護スタッフ,サービス,3,3,1,0,1,13,0,0
841,女,未,58,3100000,2980000,1210000,0,0,0.39 ,4,ホールスタッフ,飲食,2,1,0,0,1,11,0,1
842,女,未,26,6350000,1620000,2510000,0,0,0.40 ,1,高校教員,教育,4,0,0,0,1,4,0,0
843,女,未,32,2630000,4380000,0,0,0,0.00 ,4,ホールスタッフ,飲食,4,1,1,0,1,12,1,1
844,女,既,34,4030000,4190000,1310000,0,0,0.33 ,2,販売スタッフ,小売り,4,2,0,0,1,13,1,1
845,男,既,37,4930000,2750000,0,0,0,0.00 ,1,市役所職員,行政,3,1,1,0,0,0,1,0
846,女,既,53,6550000,4070000,1240000,0,0,0.19 ,3,プログラマ,IT,4,1,1,0,0,11,1,1
847,男,既,30,3770000,3390000,1080000,0,0,0.29 ,2,製造オペレーター,製造,1,3,0,0,0,10,0,0
848,男,既,59,3700000,2520000,0,1,0,0.00 ,4,ホールスタッフ,飲食,3,2,0,0,0,11,0,1
849,女,未,32,3810000,4940000,1680000,0,0,0.44 ,2,製造オペレーター,製造,3,3,1,0,1,9,1,0
850,女,既,63,2700000,3290000,0,0,0,0.00 ,3,介護スタッフ,サービス,3,1,1,0,0,36,0,0
851,男,未,32,6140000,1380000,0,0,0,0.00 ,1,高校教員,教育,1,3,1,0,1,7,0,0
852,男,未,59,2070000,460000,680000,1,0,0.33 ,4,ホールスタッフ,飲食,3,2,0,1,0,16,1,1
853,男,未,60,5260000,1760000,0,0,0,0.00 ,3,プログラマ,IT,1,2,0,0,0,16,0,1
854,男,未,28,2540000,480000,0,0,0,0.00 ,3,介護スタッフ,サービス,4,0,1,0,1,8,0,1
855,女,未,32,2870000,2190000,0,0,0,0.00 ,3,店舗販売員,小売り,3,2,0,0,1,1,0,1
856,男,既,53,3060000,4300000,0,0,0,0.00 ,4,ホールスタッフ,飲食,2,2,0,0,1,30,1,1
857,女,未,47,4230000,3790000,0,0,0,0.00 ,3,店舗販売員,小売り,3,1,0,0,1,12,1,0
858,男,既,50,6600000,4380000,0,0,0,0.00 ,1,高校教員,教育,4,2,1,0,0,1,0,1
859,女,未,38,3410000,2120000,0,0,0,0.00 ,3,店舗販売員,小売り,4,2,0,0,0,7,1,1
860,女,未,33,6280000,4550000,0,0,0,0.00 ,1,高校教員,教育,4,3,0,0,1,14,1,1
861,男,未,42,5360000,1740000,980000,0,0,0.18 ,3,プログラマ,IT,1,1,0,0,0,16,0,1
862,女,未,28,4370000,3250000,2150000,0,0,0.49 ,1,高校教員,教育,3,1,0,0,1,10,1,1
863,男,未,63,7610000,1440000,0,1,1,0.00 ,3,プログラマ,IT,2,3,0,0,1,42,1,0
864,女,未,40,2990000,4590000,190000,0,0,0.06 ,4,ホールスタッフ,飲食,1,3,1,0,1,1,0,0
865,女,未,60,3370000,720000,520000,0,0,0.15 ,3,介護スタッフ,サービス,4,1,0,0,1,2,1,1
866,男,既,46,2730000,3060000,1150000,0,0,0.42 ,4,ホールスタッフ,飲食,3,3,1,0,1,2,0,0
867,男,未,62,4220000,4950000,0,0,0,0.00 ,1,高校教員,教育,4,0,1,0,0,9,1,1
868,女,未,60,4590000,4670000,0,0,0,0.00 ,3,店舗販売員,小売り,4,1,1,0,0,23,1,0
869,男,既,43,4490000,950000,0,0,0,0.00 ,3,プログラマ,IT,3,2,0,0,0,4,0,0
870,女,未,33,2880000,4870000,0,0,0,0.00 ,4,ホールスタッフ,飲食,4,1,1,1,1,12,1,0
871,女,未,45,4990000,2660000,0,0,0,0.00 ,2,製造オペレーター,製造,2,1,1,0,0,12,0,0
872,女,未,52,4730000,4120000,910000,0,0,0.19 ,2,接客スタッフ,サービス,3,2,0,0,0,30,0,0
873,女,既,25,4690000,4250000,0,1,0,0.00 ,3,介護スタッフ,サービス,4,0,0,0,0,5,0,0
874,男,既,29,2380000,4320000,0,1,0,0.00 ,4,ホールスタッフ,飲食,4,1,0,0,1,6,0,0
875,男,未,45,3780000,450000,800000,0,0,0.21 ,3,店舗販売員,小売り,3,0,0,0,1,23,0,0
876,女,既,45,6910000,4860000,0,0,0,0.00 ,1,市役所職員,行政,3,2,0,0,0,23,1,1
877,女,既,64,6960000,310000,0,1,0,0.00 ,1,高校教員,教育,1,1,0,0,1,10,0,1
878,女,未,65,7190000,4060000,0,0,0,0.00 ,3,プログラマ,IT,2,2,0,0,1,8,0,1
879,女,未,55,4340000,4850000,0,0,0,0.00 ,1,高校教員,教育,2,3,0,0,0,19,0,1
880,男,未,30,5850000,810000,0,0,0,0.00 ,3,プログラマ,IT,3,1,1,0,1,0,1,1
881,女,未,35,2990000,3760000,370000,0,0,0.12 ,4,ホールスタッフ,飲食,1,0,0,0,0,5,0,0
882,男,未,26,4870000,340000,0,0,0,0.00 ,3,介護スタッフ,サービス,4,1,1,0,0,7,1,1
883,女,既,42,3970000,4590000,0,0,0,0.00 ,2,接客スタッフ,サービス,3,3,0,0,1,5,1,1
884,女,既,53,4620000,1150000,1970000,0,0,0.43 ,2,販売スタッフ,小売り,1,0,0,0,1,12,1,0
885,女,未,40,2810000,3090000,1390000,0,0,0.49 ,3,店舗販売員,小売り,4,3,0,0,1,11,1,0
886,男,既,28,4530000,1570000,1060000,0,0,0.23 ,3,店舗販売員,小売り,4,0,0,0,1,0,1,1
887,男,未,52,3220000,3590000,410000,0,0,0.13 ,4,ホールスタッフ,飲食,4,2,1,0,1,14,1,1
888,男,未,25,3270000,340000,1320000,0,0,0.40 ,4,ホールスタッフ,飲食,2,2,1,0,0,7,1,0
889,女,未,65,4080000,3270000,0,0,0,0.00 ,3,介護スタッフ,サービス,1,2,1,0,0,41,1,0
890,女,未,28,3020000,990000,0,0,0,0.00 ,2,接客スタッフ,サービス,2,2,1,0,1,7,0,0
891,女,未,41,3920000,2050000,0,0,0,0.00 ,3,介護スタッフ,サービス,1,2,0,0,0,22,0,0
892,男,既,35,6510000,2310000,2020000,0,0,0.31 ,1,高校教員,教育,2,3,0,0,1,16,1,0
893,男,未,41,2250000,1900000,150000,0,0,0.07 ,4,ホールスタッフ,飲食,1,1,0,0,1,19,0,1
894,女,既,43,3860000,3410000,680000,0,0,0.18 ,2,製造オペレーター,製造,1,2,0,0,0,9,1,0
895,男,未,61,2960000,2970000,190000,0,0,0.06 ,2,接客スタッフ,サービス,3,1,0,0,0,35,1,1
896,女,未,50,4880000,4480000,0,0,0,0.00 ,1,市役所職員,行政,1,1,0,0,0,15,1,0
897,男,未,51,4090000,4690000,0,0,0,0.00 ,3,介護スタッフ,サービス,3,0,0,0,0,6,0,0
898,男,未,47,3210000,4630000,1530000,0,0,0.48 ,2,接客スタッフ,サービス,3,0,0,0,1,5,1,0
899,男,既,65,3460000,3570000,1440000,0,0,0.42 ,2,販売スタッフ,小売り,4,3,1,1,1,45,1,0
900,女,既,30,4600000,3520000,1650000,0,0,0.36 ,2,接客スタッフ,サービス,4,2,0,0,0,4,0,0
901,男,既,53,2070000,1200000,0,0,0,0.00 ,4,ホールスタッフ,飲食,4,1,1,0,0,35,1,1
902,女,既,61,3990000,510000,1630000,0,0,0.41 ,2,販売スタッフ,小売り,3,0,1,0,1,18,0,0
903,男,未,37,3740000,2920000,1790000,1,0,0.48 ,4,ホールスタッフ,飲食,3,0,1,0,1,12,0,0
904,女,未,38,3120000,4840000,0,0,0,0.00 ,3,介護スタッフ,サービス,3,3,1,0,0,0,0,1
905,女,既,46,2570000,4190000,650000,0,0,0.25 ,2,販売スタッフ,小売り,4,0,0,0,0,25,0,1
906,女,未,32,5130000,540000,0,0,0,0.00 ,1,高校教員,教育,4,2,1,0,0,6,1,0
907,女,未,64,7950000,1290000,0,0,0,0.00 ,3,プログラマ,IT,1,3,1,0,0,12,1,0
908,女,既,55,2480000,1300000,1000000,0,0,0.40 ,4,ホールスタッフ,飲食,2,1,1,0,1,31,1,0
909,女,未,46,4030000,3820000,1630000,0,0,0.40 ,1,高校教員,教育,1,2,0,0,1,23,0,1
910,女,未,34,5430000,2650000,0,0,0,0.00 ,1,市役所職員,行政,2,1,0,0,1,2,0,0
911,男,未,32,4290000,600000,2090000,0,0,0.49 ,1,高校教員,教育,3,2,0,0,0,4,1,0
912,女,未,62,4080000,2680000,770000,0,0,0.19 ,2,接客スタッフ,サービス,2,3,0,0,0,39,1,1
913,女,未,63,4660000,2440000,720000,0,0,0.15 ,1,高校教員,教育,4,2,0,0,0,5,0,0
914,男,未,47,5090000,4280000,260000,0,0,0.05 ,1,市役所職員,行政,1,3,0,0,1,1,0,1
915,男,未,47,3930000,640000,0,0,0,0.00 ,2,販売スタッフ,小売り,4,0,1,0,1,24,0,0
916,男,未,60,4690000,3870000,2050000,0,0,0.44 ,2,接客スタッフ,サービス,3,1,1,0,0,10,0,1
917,女,既,65,5480000,2110000,0,0,0,0.00 ,3,プログラマ,IT,3,1,0,0,0,45,0,1
918,女,既,56,2000000,570000,670000,0,0,0.34 ,4,ホールスタッフ,飲食,2,1,1,0,1,30,0,0
919,男,未,33,3660000,2730000,0,0,0,0.00 ,2,製造オペレーター,製造,4,2,0,0,0,1,0,1
920,男,未,38,3360000,1920000,1500000,0,0,0.45 ,4,ホールスタッフ,飲食,3,0,1,0,0,15,0,0
921,女,未,65,6750000,4430000,1670000,0,0,0.25 ,1,市役所職員,行政,2,2,0,0,0,37,1,0
922,男,未,61,3850000,3690000,230000,0,0,0.06 ,2,販売スタッフ,小売り,4,3,1,0,1,7,0,0
923,男,既,44,2960000,4850000,0,0,0,0.00 ,2,製造オペレーター,製造,2,2,0,0,1,2,0,0
924,男,未,54,5310000,1830000,520000,0,0,0.10 ,1,市役所職員,行政,3,3,1,1,0,16,1,0
925,女,既,39,7530000,2030000,1010000,0,0,0.13 ,3,プログラマ,IT,4,3,0,0,1,11,0,1
926,女,既,27,2870000,2100000,0,1,0,0.00 ,2,接客スタッフ,サービス,4,3,0,0,1,6,1,0
927,男,未,57,2960000,760000,260000,0,0,0.09 ,3,介護スタッフ,サービス,3,3,0,0,0,5,0,0
928,女,未,31,5960000,890000,0,0,0,0.00 ,1,市役所職員,行政,4,3,0,0,1,4,1,0
929,女,既,53,4200000,1350000,0,0,0,0.00 ,2,製造オペレーター,製造,3,3,1,0,0,30,1,1
930,女,未,59,2870000,2390000,1110000,0,0,0.39 ,4,ホールスタッフ,飲食,4,0,0,0,1,20,1,1
931,男,未,50,3440000,4290000,1520000,0,0,0.44 ,2,製造オペレーター,製造,4,3,0,0,0,16,0,1
932,男,未,25,4500000,2550000,1500000,0,0,0.33 ,3,プログラマ,IT,4,2,1,1,0,7,0,0
933,女,未,32,3030000,4990000,0,0,0,0.00 ,4,ホールスタッフ,飲食,1,0,0,0,1,0,1,1
934,女,既,44,3410000,2820000,1190000,0,0,0.35 ,3,介護スタッフ,サービス,1,1,0,0,0,18,1,1
935,女,未,55,2600000,540000,0,0,0,0.00 ,4,ホールスタッフ,飲食,1,3,0,0,0,21,1,0
936,女,未,29,5830000,2360000,1090000,0,0,0.19 ,1,市役所職員,行政,4,2,0,0,0,8,0,0
937,女,未,43,4870000,1340000,0,0,0,0.00 ,3,店舗販売員,小売り,4,1,1,0,0,20,1,0
938,男,未,40,2980000,1890000,0,0,0,0.00 ,2,販売スタッフ,小売り,4,0,1,0,0,19,0,1
939,女,未,34,5310000,1110000,640000,0,0,0.12 ,1,高校教員,教育,2,3,1,0,1,4,1,0
940,男,未,41,7360000,530000,0,0,0,0.00 ,3,プログラマ,IT,1,1,0,0,1,21,0,1
941,男,未,59,3650000,1950000,0,0,0,0.00 ,4,ホールスタッフ,飲食,1,1,0,0,1,26,1,0
942,男,既,45,7430000,1470000,0,0,0,0.00 ,3,プログラマ,IT,1,0,0,0,0,2,1,1
943,女,未,60,5310000,3110000,720000,0,0,0.14 ,1,市役所職員,行政,1,3,0,0,0,2,1,0
944,男,未,26,4720000,1750000,2140000,0,0,0.45 ,2,接客スタッフ,サービス,3,0,1,0,0,7,1,0
945,男,未,48,4430000,2320000,2090000,0,0,0.47 ,1,高校教員,教育,1,0,1,0,1,0,0,0
946,女,未,25,4840000,4400000,900000,0,0,0.19 ,1,高校教員,教育,2,2,0,0,0,7,1,1
947,男,未,45,2710000,1750000,0,1,0,0.00 ,4,ホールスタッフ,飲食,2,1,0,0,1,20,1,1
948,女,未,63,2950000,2440000,0,0,0,0.00 ,2,接客スタッフ,サービス,3,3,0,0,0,44,0,0
949,女,既,34,4270000,3630000,0,0,0,0.00 ,3,プログラマ,IT,4,3,1,0,1,6,1,1
950,女,既,41,4530000,720000,0,0,0,0.00 ,2,販売スタッフ,小売り,4,2,1,0,0,3,1,1
951,女,未,47,4390000,2840000,0,0,0,0.00 ,1,高校教員,教育,3,2,0,0,1,16,0,0
952,女,未,48,4960000,1520000,0,0,0,0.00 ,3,プログラマ,IT,4,2,0,0,0,27,0,0
953,女,既,25,3960000,1560000,0,0,0,0.00 ,3,店舗販売員,小売り,1,3,0,0,0,3,0,0
954,女,未,63,4620000,980000,1840000,0,0,0.40 ,3,プログラマ,IT,4,3,0,0,1,27,0,0
955,女,未,65,2860000,1660000,1010000,0,0,0.35 ,2,販売スタッフ,小売り,3,2,0,0,1,17,0,0
956,男,未,38,6250000,1730000,3030000,1,0,0.48 ,1,高校教員,教育,3,0,1,0,0,19,1,0
957,男,未,37,4100000,1010000,0,0,0,0.00 ,2,接客スタッフ,サービス,1,0,1,0,0,17,0,0
958,女,未,57,3460000,4490000,0,0,0,0.00 ,3,介護スタッフ,サービス,1,0,0,0,1,35,1,1
959,男,既,43,2580000,2430000,950000,0,0,0.37 ,2,製造オペレーター,製造,3,2,1,1,1,23,1,1
960,女,未,56,5790000,1770000,0,0,0,0.00 ,1,高校教員,教育,3,2,0,0,1,37,1,0
961,女,未,65,5210000,1590000,2590000,0,0,0.50 ,1,高校教員,教育,2,0,0,0,1,34,0,1
962,女,未,26,4410000,790000,1270000,0,0,0.29 ,3,介護スタッフ,サービス,1,0,0,0,0,6,0,0
963,女,既,32,3850000,4230000,0,0,0,0.00 ,4,ホールスタッフ,飲食,2,1,1,1,0,3,0,1
964,女,未,52,3540000,2600000,1410000,0,0,0.40 ,2,接客スタッフ,サービス,4,3,1,0,1,17,1,1
965,女,未,38,3030000,2050000,0,0,0,0.00 ,3,店舗販売員,小売り,3,2,0,0,1,1,0,1
966,女,既,27,2580000,4570000,1220000,0,0,0.47 ,4,ホールスタッフ,飲食,2,2,0,1,0,3,0,1
967,男,未,41,4020000,420000,0,0,0,0.00 ,3,プログラマ,IT,4,0,1,0,0,11,1,0
968,男,未,60,2040000,1520000,610000,0,0,0.30 ,4,ホールスタッフ,飲食,3,1,0,0,1,18,0,0
969,女,既,58,3380000,3320000,0,0,0,0.00 ,2,販売スタッフ,小売り,4,3,0,0,1,38,1,1
970,男,未,33,6330000,4880000,2090000,0,0,0.33 ,3,プログラマ,IT,3,2,1,0,0,7,1,0
971,男,未,48,7390000,1060000,0,0,0,0.00 ,3,プログラマ,IT,1,2,1,0,0,30,0,1
972,男,既,59,3570000,600000,0,0,0,0.00 ,4,ホールスタッフ,飲食,1,0,0,0,1,24,0,1
973,女,未,60,2330000,390000,0,0,0,0.00 ,4,ホールスタッフ,飲食,1,3,0,0,1,25,0,1
974,女,既,31,5450000,2310000,0,0,0,0.00 ,3,プログラマ,IT,1,3,0,0,1,7,1,0
975,女,未,56,4380000,4760000,0,0,0,0.00 ,2,販売スタッフ,小売り,1,3,1,0,1,5,0,1
976,男,未,47,5420000,1720000,1140000,0,0,0.21 ,1,高校教員,教育,2,1,1,0,0,6,0,0
977,女,未,61,3710000,4400000,1560000,0,0,0.42 ,3,介護スタッフ,サービス,4,0,1,0,0,33,0,0
978,男,未,36,4920000,4170000,1260000,0,0,0.26 ,2,製造オペレーター,製造,2,0,0,0,0,2,0,1
979,男,未,60,5030000,1890000,1310000,0,0,0.26 ,1,市役所職員,行政,3,3,0,0,0,36,0,0
980,男,未,41,900000,3860000,0,1,0,0.00 ,5,無職,なし,1,1,1,0,1,15,0,0
981,男,未,33,4760000,4240000,0,0,0,0.00 ,2,接客スタッフ,サービス,1,0,0,0,0,8,0,0
982,女,未,65,3540000,980000,0,0,0,0.00 ,3,介護スタッフ,サービス,4,0,0,0,1,30,1,0
983,男,未,54,6770000,1670000,0,0,0,0.00 ,1,高校教員,教育,3,3,1,0,0,16,0,0
984,女,未,56,2650000,4870000,540000,0,0,0.20 ,2,接客スタッフ,サービス,4,1,1,0,1,11,0,0
985,女,未,51,3870000,2560000,0,0,0,0.00 ,3,店舗販売員,小売り,3,0,1,0,1,22,0,1
986,男,未,53,2900000,3100000,220000,0,0,0.08 ,3,店舗販売員,小売り,2,2,1,0,1,9,0,1
987,男,既,43,4940000,4230000,0,0,0,0.00 ,2,製造オペレーター,製造,2,3,1,0,0,11,0,1
988,男,未,48,6410000,3200000,2590000,0,0,0.40 ,1,市役所職員,行政,4,2,0,0,0,15,1,1
989,女,既,28,6230000,1280000,0,0,0,0.00 ,1,市役所職員,行政,4,3,0,0,0,9,0,1
990,男,未,61,2570000,2360000,0,0,0,0.00 ,4,ホールスタッフ,飲食,3,0,1,0,0,19,1,1
991,男,既,28,3330000,2290000,0,0,0,0.00 ,4,ホールスタッフ,飲食,3,3,0,0,1,3,0,0
992,男,既,48,3210000,4750000,0,0,0,0.00 ,4,ホールスタッフ,飲食,3,3,0,0,0,6,1,0
993,女,既,42,3730000,3420000,980000,0,0,0.26 ,4,ホールスタッフ,飲食,4,1,0,0,0,21,1,0
994,男,未,64,4360000,500000,0,0,0,0.00 ,1,高校教員,教育,2,2,0,0,1,25,0,1
995,女,未,34,3990000,1400000,570000,0,0,0.14 ,3,介護スタッフ,サービス,4,2,0,0,0,12,1,1
996,男,未,56,2720000,3450000,710000,0,0,0.26 ,3,店舗販売員,小売り,4,3,1,0,1,33,0,1
997,女,未,25,2040000,2210000,460000,0,0,0.23 ,4,ホールスタッフ,飲食,4,1,1,0,1,1,0,1
998,男,未,34,3260000,360000,0,0,0,0.00 ,2,製造オペレーター,製造,1,1,1,0,1,9,1,0
999,男,未,60,4450000,3590000,0,0,0,0.00 ,3,店舗販売員,小売り,4,0,1,0,0,20,1,1
1000,男,既,33,3270000,2780000,230000,0,0,0.07 ,2,製造オペレーター,製造,2,1,0,0,1,0,0,1
