Name,Sex,Marital,Age,Income,CreditAppAmount,OtherDebts,DelinquencyInfo,DebtRestruct,BorrowingRatio,JobType,Occupation,Industry,Education,Dependents,OwnHouse,Foreigner,Phone,EmploymentYears,Guarantor,Collateral
1,0.0,0.0,51.0,3350000.0,2910000.0,1410000.0,0,0.0,0.42,2.0,9.0,3.0,4.0,3.0,0.0,0.0,1.0,10.0,0.0,0.0
2,0.0,1.0,26.0,5490000.0,3170000.0,0.0,0,0.0,0.0,1.0,10.0,4.0,4.0,2.0,0.0,0.0,1.0,5.0,1.0,1.0
3,1.0,1.0,33.0,7460000.0,3210000.0,3190000.0,0,0.0,0.43,3.0,0.0,0.0,2.0,2.0,0.0,0.0,0.0,12.0,0.0,1.0
4,0.0,0.0,28.0,6910000.0,2230000.0,0.0,0,0.0,0.0,1.0,3.0,5.0,1.0,0.0,0.0,0.0,1.0,6.0,1.0,1.0
5,1.0,0.0,40.0,3000000.0,780000.0,190000.0,0,0.0,0.06,2.0,9.0,3.0,1.0,3.0,0.0,0.0,1.0,1.0,1.0,0.0
6,0.0,1.0,46.0,2480000.0,680000.0,140000.0,0,0.0,0.06,4.0,1.0,7.0,1.0,2.0,1.0,0.0,0.0,21.0,0.0,1.0
7,0.0,1.0,43.0,4930000.0,1530000.0,1800000.0,0,0.0,0.37,3.0,2.0,2.0,1.0,2.0,0.0,0.0,1.0,3.0,1.0,0.0
8,0.0,0.0,52.0,3690000.0,3990000.0,0.0,0,1.0,0.0,2.0,8.0,6.0,1.0,2.0,0.0,0.0,1.0,26.0,1.0,1.0
9,1.0,0.0,53.0,4760000.0,1270000.0,1860000.0,0,0.0,0.39,1.0,10.0,4.0,1.0,3.0,0.0,0.0,1.0,30.0,1.0,0.0
10,1.0,0.0,29.0,2280000.0,390000.0,0.0,0,0.0,0.0,4.0,1.0,7.0,4.0,1.0,1.0,0.0,1.0,9.0,0.0,1.0
11,1.0,1.0,36.0,4950000.0,4960000.0,0.0,0,0.0,0.0,2.0,8.0,6.0,4.0,1.0,0.0,0.0,1.0,7.0,1.0,0.0
12,0.0,1.0,35.0,3980000.0,380000.0,0.0,0,0.0,0.0,4.0,1.0,7.0,1.0,1.0,1.0,0.0,1.0,14.0,0.0,1.0
13,1.0,1.0,56.0,3050000.0,4160000.0,0.0,0,0.0,0.0,2.0,8.0,6.0,4.0,0.0,0.0,0.0,0.0,18.0,0.0,1.0
14,0.0,1.0,56.0,2470000.0,720000.0,230000.0,0,0.0,0.09,4.0,6.0,2.0,1.0,0.0,1.0,0.0,0.0,36.0,1.0,0.0
15,1.0,0.0,35.0,3660000.0,310000.0,1160000.0,0,0.0,0.32,2.0,9.0,3.0,1.0,1.0,0.0,0.0,0.0,16.0,1.0,0.0
16,0.0,1.0,31.0,4960000.0,3640000.0,250000.0,0,0.0,0.05,2.0,9.0,3.0,4.0,1.0,0.0,0.0,1.0,13.0,0.0,1.0
17,1.0,1.0,64.0,6190000.0,1400000.0,0.0,0,0.0,0.0,1.0,3.0,5.0,4.0,1.0,0.0,0.0,0.0,11.0,1.0,0.0
18,0.0,1.0,57.0,4250000.0,4590000.0,1730000.0,0,0.0,0.41,2.0,8.0,6.0,2.0,3.0,1.0,0.0,0.0,4.0,0.0,0.0
19,1.0,1.0,62.0,2570000.0,2050000.0,290000.0,0,0.0,0.11,3.0,2.0,2.0,4.0,1.0,1.0,0.0,1.0,20.0,0.0,1.0
20,0.0,1.0,63.0,3180000.0,4000000.0,1480000.0,0,0.0,0.47,2.0,8.0,6.0,1.0,2.0,0.0,0.0,0.0,26.0,0.0,1.0
21,1.0,1.0,43.0,4320000.0,1330000.0,1430000.0,0,0.0,0.33,3.0,2.0,2.0,3.0,2.0,1.0,0.0,1.0,2.0,0.0,1.0
22,1.0,1.0,33.0,2640000.0,1910000.0,290000.0,0,0.0,0.11,2.0,9.0,3.0,4.0,0.0,1.0,0.0,0.0,0.0,1.0,0.0
23,1.0,1.0,36.0,5820000.0,4240000.0,0.0,0,0.0,0.0,1.0,10.0,4.0,4.0,1.0,0.0,0.0,1.0,13.0,0.0,1.0
24,1.0,1.0,26.0,2300000.0,4790000.0,0.0,0,0.0,0.0,4.0,1.0,7.0,1.0,3.0,1.0,0.0,1.0,1.0,1.0,1.0
25,0.0,1.0,32.0,4740000.0,4780000.0,1330000.0,0,0.0,0.28,2.0,9.0,3.0,2.0,1.0,0.0,0.0,0.0,4.0,0.0,0.0
26,0.0,1.0,26.0,2880000.0,3430000.0,0.0,0,0.0,0.0,4.0,1.0,7.0,4.0,1.0,1.0,0.0,1.0,4.0,1.0,0.0
27,0.0,1.0,48.0,6050000.0,1770000.0,510000.0,0,0.0,0.08,1.0,10.0,4.0,1.0,3.0,1.0,0.0,0.0,10.0,0.0,0.0
28,0.0,1.0,33.0,2090000.0,3250000.0,0.0,0,0.0,0.0,4.0,1.0,7.0,1.0,0.0,0.0,0.0,0.0,8.0,0.0,1.0
29,0.0,1.0,30.0,2370000.0,1750000.0,0.0,0,0.0,0.0,4.0,1.0,7.0,3.0,1.0,0.0,0.0,0.0,3.0,0.0,0.0
30,0.0,1.0,43.0,4910000.0,2990000.0,0.0,0,0.0,0.0,3.0,2.0,2.0,2.0,1.0,1.0,0.0,1.0,3.0,1.0,1.0
31,0.0,1.0,27.0,2930000.0,3540000.0,640000.0,0,0.0,0.22,2.0,5.0,2.0,1.0,2.0,0.0,0.0,0.0,3.0,1.0,0.0
32,0.0,0.0,25.0,6570000.0,1550000.0,3160000.0,0,0.0,0.48,1.0,3.0,5.0,2.0,3.0,0.0,0.0,0.0,3.0,0.0,1.0
33,0.0,1.0,42.0,6500000.0,1030000.0,0.0,0,0.0,0.0,3.0,0.0,0.0,4.0,0.0,0.0,0.0,0.0,11.0,0.0,0.0
34,1.0,1.0,50.0,5650000.0,3300000.0,0.0,0,0.0,0.0,3.0,0.0,0.0,4.0,0.0,1.0,0.0,0.0,14.0,1.0,0.0
35,1.0,1.0,50.0,4820000.0,460000.0,1400000.0,0,0.0,0.29,3.0,4.0,3.0,2.0,2.0,0.0,0.0,1.0,29.0,1.0,0.0
36,0.0,1.0,58.0,6000000.0,2170000.0,2000000.0,0,0.0,0.33,1.0,10.0,4.0,4.0,3.0,0.0,0.0,0.0,13.0,0.0,1.0
37,1.0,1.0,61.0,3170000.0,2380000.0,1150000.0,0,0.0,0.36,4.0,1.0,7.0,4.0,1.0,0.0,0.0,0.0,18.0,0.0,1.0
38,1.0,1.0,55.0,4280000.0,1790000.0,1050000.0,0,0.0,0.25,3.0,4.0,3.0,4.0,1.0,1.0,0.0,0.0,20.0,0.0,1.0
39,0.0,1.0,50.0,3460000.0,870000.0,0.0,0,0.0,0.0,4.0,1.0,7.0,3.0,3.0,1.0,0.0,1.0,29.0,0.0,0.0
40,0.0,1.0,33.0,5700000.0,1470000.0,0.0,0,0.0,0.0,1.0,3.0,5.0,2.0,2.0,1.0,0.0,1.0,1.0,1.0,0.0
41,1.0,1.0,47.0,4890000.0,4240000.0,930000.0,0,0.0,0.19,1.0,3.0,5.0,4.0,3.0,1.0,0.0,0.0,22.0,1.0,1.0
42,1.0,1.0,45.0,4550000.0,1540000.0,1730000.0,0,0.0,0.38,2.0,8.0,6.0,4.0,1.0,1.0,0.0,1.0,4.0,0.0,0.0
43,0.0,1.0,43.0,3770000.0,1320000.0,1020000.0,0,0.0,0.27,4.0,1.0,7.0,4.0,3.0,1.0,0.0,0.0,11.0,1.0,0.0
44,1.0,1.0,35.0,3220000.0,3270000.0,880000.0,0,0.0,0.27,4.0,1.0,7.0,4.0,2.0,0.0,0.0,1.0,0.0,1.0,1.0
45,1.0,1.0,64.0,2900000.0,4070000.0,0.0,0,0.0,0.0,3.0,2.0,2.0,2.0,0.0,0.0,0.0,1.0,35.0,1.0,1.0
46,0.0,1.0,31.0,3220000.0,1490000.0,1060000.0,0,0.0,0.33,2.0,9.0,3.0,1.0,2.0,1.0,0.0,1.0,12.0,1.0,1.0
47,0.0,1.0,35.0,2990000.0,490000.0,570000.0,0,0.0,0.19,2.0,5.0,2.0,3.0,3.0,0.0,0.0,1.0,3.0,0.0,1.0
48,0.0,0.0,64.0,7590000.0,3000000.0,0.0,0,0.0,0.0,3.0,0.0,0.0,2.0,3.0,0.0,0.0,0.0,46.0,0.0,1.0
49,0.0,1.0,51.0,5640000.0,2410000.0,1780000.0,0,0.0,0.32,3.0,0.0,0.0,3.0,2.0,1.0,0.0,1.0,30.0,0.0,1.0
50,0.0,1.0,34.0,4000000.0,490000.0,0.0,0,0.0,0.0,1.0,10.0,4.0,2.0,3.0,0.0,0.0,0.0,1.0,0.0,1.0
51,1.0,1.0,50.0,3840000.0,2730000.0,0.0,0,0.0,0.0,2.0,8.0,6.0,2.0,2.0,0.0,0.0,0.0,26.0,1.0,0.0
52,0.0,1.0,64.0,5210000.0,2040000.0,0.0,0,0.0,0.0,1.0,10.0,4.0,3.0,1.0,0.0,0.0,0.0,8.0,1.0,0.0
53,0.0,1.0,53.0,2960000.0,380000.0,0.0,0,0.0,0.0,2.0,5.0,2.0,1.0,3.0,0.0,0.0,0.0,33.0,0.0,1.0
54,0.0,0.0,34.0,3370000.0,4200000.0,0.0,0,0.0,0.0,4.0,1.0,7.0,2.0,0.0,1.0,0.0,0.0,8.0,1.0,0.0
55,0.0,1.0,33.0,3600000.0,2240000.0,1270000.0,0,0.0,0.35,4.0,1.0,7.0,1.0,2.0,1.0,0.0,1.0,3.0,1.0,0.0
56,1.0,0.0,36.0,6740000.0,2910000.0,1410000.0,0,0.0,0.21,1.0,3.0,5.0,4.0,2.0,1.0,0.0,1.0,6.0,1.0,0.0
57,1.0,1.0,39.0,2500000.0,4350000.0,880000.0,0,0.0,0.35,3.0,4.0,3.0,2.0,1.0,1.0,0.0,0.0,16.0,0.0,0.0
58,1.0,1.0,49.0,3820000.0,990000.0,980000.0,0,0.0,0.26,4.0,1.0,7.0,3.0,2.0,0.0,0.0,1.0,31.0,1.0,1.0
59,0.0,1.0,60.0,7360000.0,3580000.0,2810000.0,0,0.0,0.38,3.0,0.0,0.0,1.0,2.0,0.0,0.0,1.0,33.0,1.0,1.0
60,0.0,1.0,39.0,3450000.0,2550000.0,1210000.0,0,0.0,0.35,2.0,9.0,3.0,1.0,1.0,0.0,0.0,1.0,14.0,0.0,0.0
61,1.0,1.0,47.0,4210000.0,3290000.0,0.0,1,0.0,0.0,2.0,8.0,6.0,2.0,3.0,0.0,0.0,1.0,19.0,1.0,1.0
62,1.0,1.0,27.0,4810000.0,3760000.0,2290000.0,0,0.0,0.48,2.0,8.0,6.0,2.0,1.0,1.0,0.0,0.0,3.0,0.0,0.0
63,0.0,1.0,39.0,3600000.0,4770000.0,860000.0,0,0.0,0.24,2.0,5.0,2.0,4.0,2.0,0.0,0.0,0.0,13.0,1.0,0.0
64,1.0,1.0,51.0,4090000.0,860000.0,1130000.0,0,0.0,0.28,2.0,9.0,3.0,1.0,2.0,0.0,0.0,1.0,6.0,1.0,1.0
65,1.0,0.0,58.0,3010000.0,680000.0,0.0,0,0.0,0.0,2.0,9.0,3.0,4.0,0.0,1.0,0.0,0.0,11.0,0.0,1.0
66,1.0,1.0,32.0,2720000.0,630000.0,830000.0,0,0.0,0.31,2.0,8.0,6.0,2.0,1.0,0.0,0.0,1.0,1.0,0.0,1.0
67,1.0,1.0,60.0,3340000.0,2490000.0,1340000.0,0,0.0,0.4,4.0,1.0,7.0,3.0,0.0,1.0,0.0,0.0,11.0,0.0,0.0
68,1.0,1.0,53.0,4350000.0,4040000.0,0.0,0,0.0,0.0,2.0,9.0,3.0,4.0,1.0,0.0,0.0,1.0,18.0,0.0,0.0
69,1.0,1.0,62.0,2000000.0,4310000.0,0.0,0,0.0,0.0,4.0,1.0,7.0,2.0,0.0,1.0,0.0,0.0,27.0,1.0,0.0
70,1.0,1.0,64.0,6550000.0,2730000.0,2440000.0,0,0.0,0.37,3.0,0.0,0.0,3.0,0.0,0.0,0.0,0.0,40.0,0.0,1.0
71,1.0,0.0,38.0,4580000.0,2870000.0,0.0,0,0.0,0.0,2.0,9.0,3.0,4.0,3.0,1.0,0.0,1.0,7.0,1.0,0.0
72,0.0,1.0,32.0,4530000.0,4540000.0,0.0,0,0.0,0.0,2.0,9.0,3.0,3.0,0.0,1.0,0.0,0.0,6.0,1.0,0.0
73,0.0,0.0,47.0,3290000.0,3310000.0,0.0,0,0.0,0.0,4.0,1.0,7.0,4.0,0.0,1.0,0.0,0.0,16.0,0.0,1.0
74,1.0,1.0,32.0,6980000.0,1110000.0,0.0,1,1.0,0.0,1.0,3.0,5.0,4.0,2.0,0.0,0.0,1.0,2.0,0.0,1.0
75,1.0,1.0,54.0,3430000.0,2940000.0,1430000.0,0,0.0,0.42,3.0,4.0,3.0,1.0,2.0,0.0,0.0,1.0,21.0,0.0,0.0
76,1.0,0.0,57.0,3800000.0,720000.0,0.0,0,0.0,0.0,2.0,5.0,2.0,1.0,1.0,1.0,0.0,1.0,34.0,1.0,0.0
77,1.0,1.0,47.0,4600000.0,3090000.0,2140000.0,0,0.0,0.47,2.0,5.0,2.0,3.0,3.0,1.0,0.0,0.0,17.0,1.0,1.0
78,1.0,1.0,63.0,5640000.0,4520000.0,2410000.0,0,0.0,0.43,1.0,10.0,4.0,3.0,0.0,0.0,0.0,1.0,28.0,1.0,0.0
79,0.0,1.0,64.0,5430000.0,4110000.0,1010000.0,0,0.0,0.19,1.0,10.0,4.0,2.0,3.0,1.0,0.0,0.0,33.0,1.0,0.0
80,1.0,1.0,59.0,5380000.0,3120000.0,1710000.0,0,0.0,0.32,1.0,3.0,5.0,4.0,3.0,1.0,0.0,1.0,6.0,0.0,0.0
81,0.0,1.0,49.0,3730000.0,4950000.0,0.0,0,0.0,0.0,3.0,2.0,2.0,1.0,1.0,1.0,0.0,0.0,9.0,0.0,1.0
82,1.0,0.0,65.0,7100000.0,470000.0,570000.0,0,0.0,0.08,3.0,0.0,0.0,2.0,1.0,0.0,1.0,0.0,45.0,0.0,1.0
83,1.0,1.0,34.0,4050000.0,800000.0,0.0,0,0.0,0.0,1.0,3.0,5.0,4.0,0.0,1.0,0.0,1.0,1.0,1.0,0.0
84,1.0,1.0,50.0,3010000.0,2670000.0,1150000.0,0,0.0,0.38,4.0,1.0,7.0,4.0,1.0,0.0,0.0,0.0,31.0,1.0,1.0
85,0.0,0.0,45.0,2520000.0,2520000.0,0.0,0,0.0,0.0,2.0,9.0,3.0,3.0,2.0,0.0,0.0,0.0,2.0,1.0,1.0
86,1.0,0.0,65.0,6920000.0,2770000.0,850000.0,0,0.0,0.12,3.0,0.0,0.0,3.0,2.0,0.0,0.0,0.0,36.0,1.0,1.0
87,0.0,1.0,26.0,4610000.0,3880000.0,1630000.0,0,0.0,0.35,3.0,2.0,2.0,4.0,1.0,0.0,0.0,1.0,8.0,1.0,0.0
88,0.0,0.0,62.0,3300000.0,1290000.0,270000.0,0,0.0,0.08,2.0,8.0,6.0,4.0,2.0,0.0,0.0,0.0,43.0,0.0,0.0
89,1.0,1.0,49.0,4310000.0,4740000.0,0.0,0,0.0,0.0,2.0,9.0,3.0,4.0,3.0,0.0,0.0,1.0,24.0,0.0,1.0
90,0.0,1.0,37.0,3210000.0,1980000.0,0.0,0,0.0,0.0,4.0,1.0,7.0,4.0,0.0,0.0,0.0,1.0,16.0,0.0,1.0
91,0.0,1.0,30.0,3690000.0,810000.0,350000.0,0,0.0,0.09,2.0,8.0,6.0,3.0,1.0,1.0,0.0,0.0,5.0,0.0,1.0
92,1.0,0.0,55.0,3640000.0,4490000.0,0.0,0,0.0,0.0,2.0,8.0,6.0,1.0,0.0,1.0,0.0,0.0,10.0,1.0,0.0
93,1.0,0.0,49.0,3980000.0,910000.0,0.0,0,0.0,0.0,2.0,8.0,6.0,4.0,1.0,0.0,0.0,1.0,0.0,1.0,1.0
94,0.0,1.0,51.0,3450000.0,600000.0,0.0,0,0.0,0.0,2.0,8.0,6.0,4.0,2.0,1.0,0.0,1.0,32.0,0.0,1.0
95,0.0,1.0,32.0,4040000.0,1830000.0,1960000.0,1,0.0,0.49,2.0,8.0,6.0,4.0,2.0,0.0,0.0,1.0,14.0,0.0,1.0
96,1.0,1.0,30.0,3340000.0,4240000.0,500000.0,0,0.0,0.15,2.0,8.0,6.0,2.0,2.0,1.0,0.0,1.0,3.0,0.0,0.0
97,1.0,1.0,25.0,4980000.0,2720000.0,2260000.0,0,0.0,0.45,2.0,5.0,2.0,2.0,1.0,1.0,0.0,1.0,2.0,0.0,0.0
98,1.0,1.0,63.0,2510000.0,4200000.0,700000.0,0,0.0,0.28,2.0,9.0,3.0,2.0,2.0,0.0,0.0,1.0,41.0,1.0,0.0
99,1.0,1.0,64.0,3310000.0,1730000.0,480000.0,0,0.0,0.15,2.0,8.0,6.0,4.0,3.0,0.0,0.0,0.0,19.0,1.0,1.0
100,1.0,0.0,37.0,3090000.0,790000.0,0.0,0,0.0,0.0,4.0,1.0,7.0,4.0,3.0,0.0,0.0,1.0,0.0,0.0,1.0
101,0.0,1.0,30.0,5450000.0,430000.0,980000.0,0,0.0,0.18,1.0,3.0,5.0,2.0,1.0,1.0,1.0,0.0,8.0,1.0,1.0
102,0.0,0.0,55.0,3070000.0,4680000.0,0.0,0,0.0,0.0,3.0,4.0,3.0,4.0,1.0,0.0,0.0,0.0,19.0,0.0,1.0
103,0.0,1.0,32.0,3650000.0,2240000.0,1120000.0,0,0.0,0.31,4.0,1.0,7.0,1.0,3.0,1.0,0.0,1.0,1.0,0.0,0.0
104,1.0,1.0,52.0,3640000.0,4260000.0,1330000.0,0,0.0,0.37,4.0,1.0,7.0,2.0,0.0,1.0,0.0,0.0,11.0,0.0,0.0
105,0.0,0.0,62.0,2840000.0,4900000.0,0.0,0,0.0,0.0,4.0,1.0,7.0,2.0,1.0,0.0,0.0,1.0,29.0,0.0,1.0
106,0.0,0.0,33.0,2930000.0,2220000.0,0.0,0,0.0,0.0,3.0,4.0,3.0,1.0,1.0,0.0,0.0,0.0,9.0,1.0,0.0
107,0.0,0.0,29.0,2540000.0,1980000.0,0.0,1,1.0,0.0,4.0,1.0,7.0,3.0,1.0,0.0,0.0,0.0,4.0,1.0,1.0
108,1.0,1.0,45.0,3600000.0,4380000.0,360000.0,0,0.0,0.1,4.0,1.0,7.0,4.0,1.0,1.0,0.0,1.0,27.0,1.0,1.0
109,0.0,0.0,35.0,4350000.0,2560000.0,0.0,0,0.0,0.0,2.0,8.0,6.0,3.0,2.0,1.0,0.0,0.0,1.0,1.0,0.0
110,1.0,0.0,28.0,4570000.0,2910000.0,1240000.0,0,0.0,0.27,2.0,9.0,3.0,1.0,2.0,1.0,0.0,1.0,2.0,1.0,0.0
111,0.0,1.0,34.0,2820000.0,3590000.0,690000.0,0,0.0,0.24,2.0,9.0,3.0,3.0,2.0,0.0,0.0,1.0,10.0,0.0,1.0
112,0.0,1.0,48.0,2240000.0,4140000.0,370000.0,1,0.0,0.17,4.0,1.0,7.0,2.0,3.0,1.0,0.0,0.0,14.0,0.0,0.0
113,1.0,0.0,35.0,2880000.0,4700000.0,0.0,0,0.0,0.0,3.0,4.0,3.0,1.0,1.0,1.0,0.0,1.0,14.0,1.0,1.0
114,0.0,0.0,37.0,2070000.0,4600000.0,750000.0,0,0.0,0.36,4.0,1.0,7.0,1.0,2.0,0.0,0.0,0.0,0.0,1.0,1.0
115,1.0,1.0,30.0,4510000.0,4180000.0,0.0,0,0.0,0.0,3.0,0.0,0.0,2.0,0.0,1.0,0.0,0.0,12.0,1.0,1.0
116,1.0,0.0,51.0,2580000.0,1070000.0,450000.0,0,0.0,0.17,4.0,1.0,7.0,3.0,3.0,1.0,0.0,1.0,11.0,1.0,1.0
117,1.0,1.0,53.0,3160000.0,3030000.0,1340000.0,0,0.0,0.42,3.0,2.0,2.0,4.0,3.0,0.0,0.0,0.0,5.0,0.0,1.0
118,1.0,1.0,47.0,4300000.0,4710000.0,280000.0,0,0.0,0.07,3.0,2.0,2.0,4.0,2.0,0.0,0.0,0.0,25.0,1.0,0.0
119,0.0,1.0,38.0,4200000.0,930000.0,0.0,0,0.0,0.0,3.0,2.0,2.0,2.0,1.0,0.0,0.0,1.0,20.0,0.0,1.0
120,1.0,1.0,27.0,3540000.0,2630000.0,220000.0,0,0.0,0.06,4.0,1.0,7.0,3.0,1.0,1.0,0.0,1.0,4.0,0.0,1.0
121,0.0,1.0,50.0,4070000.0,1340000.0,1320000.0,0,0.0,0.32,2.0,5.0,2.0,1.0,3.0,0.0,0.0,1.0,21.0,0.0,1.0
122,0.0,1.0,54.0,3610000.0,1330000.0,1610000.0,1,0.0,0.45,3.0,2.0,2.0,4.0,2.0,1.0,0.0,1.0,1.0,0.0,0.0
123,0.0,0.0,45.0,6590000.0,3710000.0,1210000.0,0,0.0,0.18,1.0,10.0,4.0,1.0,0.0,0.0,0.0,1.0,0.0,0.0,1.0
124,0.0,1.0,32.0,3250000.0,3500000.0,1580000.0,1,0.0,0.49,2.0,8.0,6.0,4.0,0.0,1.0,0.0,0.0,10.0,0.0,0.0
125,0.0,1.0,58.0,4670000.0,1820000.0,0.0,0,0.0,0.0,3.0,2.0,2.0,1.0,3.0,1.0,0.0,1.0,7.0,1.0,1.0
126,1.0,1.0,39.0,4020000.0,1540000.0,0.0,0,0.0,0.0,2.0,5.0,2.0,1.0,1.0,1.0,0.0,0.0,16.0,0.0,0.0
127,1.0,1.0,62.0,2810000.0,580000.0,0.0,0,0.0,0.0,2.0,8.0,6.0,4.0,0.0,0.0,0.0,1.0,9.0,1.0,1.0
128,0.0,0.0,60.0,2880000.0,2350000.0,850000.0,0,0.0,0.3,3.0,2.0,2.0,1.0,0.0,1.0,0.0,1.0,34.0,1.0,0.0
129,0.0,1.0,31.0,4000000.0,3610000.0,640000.0,1,1.0,0.16,2.0,5.0,2.0,4.0,1.0,0.0,0.0,1.0,2.0,1.0,0.0
130,0.0,1.0,32.0,2890000.0,2560000.0,0.0,0,0.0,0.0,2.0,8.0,6.0,2.0,3.0,0.0,0.0,0.0,1.0,1.0,1.0
131,0.0,1.0,47.0,6490000.0,4540000.0,1460000.0,1,1.0,0.22,1.0,10.0,4.0,2.0,3.0,1.0,0.0,1.0,1.0,1.0,1.0
132,1.0,1.0,65.0,4110000.0,2320000.0,1430000.0,0,0.0,0.35,2.0,8.0,6.0,4.0,2.0,0.0,0.0,0.0,17.0,0.0,1.0
133,1.0,1.0,48.0,2720000.0,1440000.0,900000.0,0,0.0,0.33,3.0,4.0,3.0,2.0,3.0,0.0,0.0,0.0,24.0,1.0,1.0
134,0.0,1.0,57.0,4940000.0,4450000.0,2190000.0,0,0.0,0.44,2.0,9.0,3.0,4.0,2.0,0.0,0.0,0.0,17.0,0.0,1.0
135,0.0,1.0,64.0,4030000.0,2200000.0,0.0,0,0.0,0.0,3.0,4.0,3.0,1.0,1.0,1.0,0.0,0.0,1.0,1.0,1.0
136,1.0,1.0,50.0,4130000.0,2570000.0,0.0,0,0.0,0.0,3.0,4.0,3.0,4.0,0.0,0.0,0.0,0.0,30.0,1.0,1.0
137,0.0,1.0,29.0,4210000.0,2760000.0,320000.0,0,0.0,0.08,1.0,3.0,5.0,2.0,3.0,1.0,0.0,0.0,3.0,0.0,0.0
138,1.0,0.0,47.0,3270000.0,4140000.0,1500000.0,0,0.0,0.46,3.0,4.0,3.0,3.0,2.0,1.0,1.0,0.0,26.0,0.0,0.0
139,0.0,0.0,26.0,6890000.0,3140000.0,2710000.0,0,0.0,0.39,1.0,3.0,5.0,3.0,2.0,0.0,0.0,1.0,4.0,0.0,1.0
140,0.0,1.0,53.0,2950000.0,1740000.0,490000.0,0,0.0,0.17,3.0,4.0,3.0,1.0,0.0,1.0,0.0,0.0,16.0,0.0,0.0
141,0.0,1.0,55.0,3200000.0,3600000.0,0.0,0,0.0,0.0,4.0,1.0,7.0,4.0,1.0,0.0,0.0,0.0,20.0,1.0,1.0
142,0.0,1.0,64.0,4130000.0,1910000.0,700000.0,0,0.0,0.17,2.0,9.0,3.0,4.0,2.0,0.0,0.0,0.0,39.0,0.0,1.0
143,1.0,1.0,59.0,3460000.0,1890000.0,0.0,0,0.0,0.0,2.0,5.0,2.0,2.0,2.0,1.0,0.0,1.0,3.0,0.0,1.0
144,0.0,0.0,64.0,2720000.0,3180000.0,0.0,0,0.0,0.0,2.0,8.0,6.0,3.0,0.0,0.0,0.0,0.0,25.0,1.0,0.0
145,1.0,1.0,32.0,6020000.0,690000.0,1630000.0,0,0.0,0.27,1.0,3.0,5.0,2.0,3.0,0.0,0.0,0.0,10.0,0.0,1.0
146,1.0,1.0,61.0,3110000.0,3140000.0,0.0,0,0.0,0.0,2.0,8.0,6.0,1.0,0.0,0.0,0.0,1.0,40.0,1.0,1.0
147,1.0,0.0,39.0,6120000.0,460000.0,0.0,0,0.0,0.0,3.0,0.0,0.0,1.0,1.0,1.0,0.0,1.0,21.0,0.0,0.0
148,1.0,1.0,31.0,4810000.0,3520000.0,0.0,0,0.0,0.0,2.0,8.0,6.0,1.0,2.0,1.0,0.0,1.0,2.0,0.0,1.0
149,0.0,0.0,32.0,7000000.0,1670000.0,0.0,0,0.0,0.0,1.0,10.0,4.0,4.0,1.0,1.0,0.0,0.0,3.0,1.0,0.0
150,0.0,1.0,42.0,4620000.0,3830000.0,0.0,1,1.0,0.0,2.0,8.0,6.0,3.0,2.0,1.0,0.0,1.0,16.0,0.0,1.0
151,1.0,1.0,26.0,4260000.0,4450000.0,0.0,0,0.0,0.0,2.0,8.0,6.0,2.0,1.0,1.0,0.0,1.0,2.0,0.0,0.0
152,0.0,1.0,50.0,5530000.0,3070000.0,2560000.0,1,0.0,0.46,1.0,3.0,5.0,2.0,1.0,0.0,0.0,1.0,26.0,1.0,0.0
153,1.0,0.0,44.0,2900000.0,4260000.0,0.0,0,0.0,0.0,3.0,2.0,2.0,2.0,3.0,0.0,0.0,0.0,9.0,0.0,0.0
154,0.0,1.0,44.0,4700000.0,1910000.0,0.0,0,0.0,0.0,3.0,2.0,2.0,1.0,2.0,0.0,0.0,0.0,9.0,0.0,0.0
155,1.0,1.0,53.0,6610000.0,980000.0,0.0,0,0.0,0.0,1.0,3.0,5.0,2.0,0.0,0.0,0.0,1.0,11.0,1.0,1.0
156,0.0,1.0,63.0,4620000.0,1050000.0,1090000.0,0,0.0,0.24,2.0,5.0,2.0,3.0,3.0,1.0,0.0,1.0,1.0,0.0,1.0
157,0.0,1.0,47.0,6900000.0,4020000.0,890000.0,0,0.0,0.13,1.0,3.0,5.0,4.0,3.0,0.0,0.0,0.0,17.0,0.0,1.0
158,1.0,1.0,27.0,3670000.0,2130000.0,0.0,0,0.0,0.0,3.0,4.0,3.0,2.0,2.0,0.0,0.0,0.0,6.0,1.0,0.0
159,1.0,0.0,51.0,4890000.0,4520000.0,1760000.0,1,1.0,0.36,2.0,8.0,6.0,3.0,2.0,0.0,0.0,1.0,7.0,0.0,1.0
160,1.0,0.0,45.0,2300000.0,1140000.0,0.0,0,0.0,0.0,4.0,1.0,7.0,1.0,2.0,0.0,0.0,1.0,20.0,1.0,0.0
161,1.0,0.0,26.0,3860000.0,4600000.0,0.0,0,0.0,0.0,3.0,4.0,3.0,4.0,3.0,0.0,0.0,0.0,1.0,1.0,0.0
162,1.0,0.0,57.0,3020000.0,2710000.0,0.0,0,0.0,0.0,4.0,1.0,7.0,3.0,2.0,1.0,0.0,0.0,12.0,0.0,0.0
163,0.0,1.0,63.0,4090000.0,2210000.0,1330000.0,0,0.0,0.33,3.0,2.0,2.0,3.0,1.0,0.0,0.0,0.0,32.0,1.0,1.0
164,0.0,1.0,33.0,3320000.0,3880000.0,280000.0,0,0.0,0.08,4.0,1.0,7.0,3.0,2.0,1.0,0.0,1.0,13.0,1.0,1.0
165,1.0,1.0,54.0,3180000.0,1860000.0,0.0,0,0.0,0.0,4.0,1.0,7.0,1.0,3.0,1.0,0.0,1.0,14.0,1.0,0.0
166,1.0,1.0,38.0,2780000.0,3660000.0,0.0,0,0.0,0.0,4.0,1.0,7.0,3.0,2.0,0.0,0.0,1.0,1.0,1.0,0.0
167,1.0,1.0,55.0,4810000.0,4170000.0,2200000.0,0,0.0,0.46,2.0,5.0,2.0,3.0,3.0,0.0,0.0,0.0,11.0,1.0,0.0
168,1.0,0.0,43.0,4980000.0,3590000.0,570000.0,0,0.0,0.11,2.0,9.0,3.0,2.0,0.0,1.0,0.0,0.0,5.0,0.0,1.0
169,1.0,0.0,48.0,3190000.0,4560000.0,0.0,0,0.0,0.0,2.0,5.0,2.0,3.0,2.0,1.0,0.0,1.0,19.0,0.0,1.0
170,0.0,0.0,47.0,2130000.0,1710000.0,960000.0,0,0.0,0.45,4.0,1.0,7.0,1.0,1.0,1.0,1.0,0.0,23.0,0.0,1.0
171,0.0,1.0,45.0,6810000.0,2880000.0,2830000.0,0,0.0,0.42,3.0,0.0,0.0,1.0,0.0,1.0,0.0,0.0,18.0,0.0,1.0
172,0.0,1.0,37.0,4750000.0,3930000.0,880000.0,0,0.0,0.19,3.0,2.0,2.0,2.0,1.0,1.0,0.0,1.0,10.0,1.0,1.0
173,0.0,1.0,60.0,4360000.0,4070000.0,560000.0,0,0.0,0.13,2.0,5.0,2.0,3.0,1.0,0.0,0.0,0.0,41.0,1.0,1.0
174,1.0,1.0,31.0,5140000.0,2310000.0,0.0,0,0.0,0.0,1.0,3.0,5.0,3.0,1.0,1.0,0.0,1.0,2.0,0.0,1.0
175,1.0,0.0,62.0,3220000.0,4710000.0,620000.0,0,0.0,0.19,4.0,1.0,7.0,4.0,2.0,0.0,0.0,0.0,35.0,0.0,1.0
176,1.0,1.0,33.0,3440000.0,2610000.0,510000.0,0,0.0,0.15,4.0,1.0,7.0,4.0,1.0,1.0,0.0,1.0,7.0,1.0,0.0
177,0.0,1.0,44.0,4480000.0,3090000.0,1620000.0,0,0.0,0.36,2.0,8.0,6.0,3.0,0.0,1.0,0.0,1.0,26.0,1.0,0.0
178,0.0,1.0,27.0,2960000.0,4170000.0,0.0,0,0.0,0.0,4.0,1.0,7.0,1.0,0.0,1.0,0.0,1.0,3.0,1.0,1.0
179,1.0,1.0,52.0,3600000.0,1390000.0,1510000.0,1,0.0,0.42,4.0,1.0,7.0,2.0,2.0,0.0,0.0,0.0,29.0,0.0,1.0
180,1.0,0.0,35.0,4570000.0,780000.0,0.0,0,0.0,0.0,2.0,9.0,3.0,1.0,3.0,0.0,0.0,1.0,14.0,0.0,1.0
181,1.0,1.0,34.0,2700000.0,3340000.0,0.0,0,0.0,0.0,2.0,5.0,2.0,1.0,2.0,0.0,0.0,1.0,3.0,1.0,0.0
182,1.0,1.0,63.0,7540000.0,4270000.0,0.0,0,0.0,0.0,3.0,0.0,0.0,4.0,2.0,0.0,0.0,0.0,29.0,0.0,1.0
183,0.0,1.0,46.0,4680000.0,3440000.0,0.0,0,0.0,0.0,3.0,2.0,2.0,2.0,2.0,1.0,0.0,0.0,22.0,1.0,1.0
184,0.0,1.0,41.0,2900000.0,1340000.0,260000.0,0,0.0,0.09,3.0,4.0,3.0,3.0,1.0,1.0,0.0,1.0,5.0,1.0,0.0
185,1.0,0.0,63.0,4990000.0,1270000.0,0.0,0,0.0,0.0,3.0,2.0,2.0,4.0,2.0,0.0,0.0,0.0,28.0,1.0,0.0
186,0.0,1.0,53.0,3360000.0,1310000.0,0.0,0,0.0,0.0,4.0,1.0,7.0,4.0,2.0,1.0,0.0,0.0,5.0,1.0,0.0
187,0.0,0.0,28.0,5640000.0,1440000.0,0.0,0,0.0,0.0,1.0,3.0,5.0,2.0,2.0,0.0,0.0,1.0,8.0,1.0,1.0
188,0.0,1.0,37.0,6470000.0,2260000.0,680000.0,0,0.0,0.11,1.0,3.0,5.0,1.0,3.0,1.0,0.0,0.0,13.0,0.0,1.0
189,0.0,1.0,40.0,3730000.0,920000.0,0.0,0,0.0,0.0,3.0,4.0,3.0,3.0,3.0,0.0,0.0,1.0,10.0,0.0,0.0
190,1.0,0.0,31.0,2730000.0,780000.0,760000.0,0,0.0,0.28,4.0,1.0,7.0,4.0,0.0,0.0,0.0,0.0,5.0,0.0,1.0
191,0.0,1.0,63.0,350000.0,3830000.0,100000.0,0,0.0,0.29,5.0,7.0,1.0,1.0,3.0,0.0,0.0,0.0,11.0,0.0,1.0
192,1.0,1.0,29.0,3260000.0,890000.0,400000.0,1,1.0,0.12,3.0,2.0,2.0,1.0,1.0,1.0,0.0,1.0,3.0,1.0,0.0
193,0.0,1.0,64.0,4890000.0,4880000.0,0.0,0,0.0,0.0,1.0,3.0,5.0,3.0,2.0,0.0,0.0,1.0,38.0,0.0,0.0
194,1.0,0.0,38.0,4070000.0,1040000.0,0.0,0,0.0,0.0,2.0,8.0,6.0,1.0,0.0,1.0,0.0,0.0,2.0,0.0,0.0
195,0.0,1.0,27.0,3430000.0,810000.0,1580000.0,0,0.0,0.46,2.0,5.0,2.0,1.0,2.0,1.0,0.0,0.0,5.0,0.0,1.0
196,0.0,1.0,57.0,5540000.0,1660000.0,0.0,0,0.0,0.0,1.0,3.0,5.0,3.0,2.0,0.0,0.0,1.0,20.0,0.0,0.0
197,1.0,1.0,35.0,2970000.0,1080000.0,0.0,0,0.0,0.0,3.0,4.0,3.0,2.0,0.0,0.0,1.0,1.0,10.0,1.0,1.0
198,1.0,0.0,30.0,6170000.0,1030000.0,910000.0,0,0.0,0.15,1.0,10.0,4.0,2.0,3.0,1.0,0.0,1.0,1.0,0.0,1.0
199,1.0,0.0,47.0,4050000.0,1770000.0,1350000.0,0,0.0,0.33,2.0,5.0,2.0,1.0,3.0,1.0,0.0,1.0,13.0,1.0,1.0
200,0.0,1.0,51.0,6980000.0,3390000.0,0.0,1,1.0,0.0,1.0,3.0,5.0,1.0,3.0,1.0,0.0,1.0,3.0,0.0,0.0
201,0.0,0.0,49.0,3890000.0,4420000.0,1550000.0,0,0.0,0.4,2.0,5.0,2.0,1.0,2.0,1.0,0.0,0.0,19.0,0.0,0.0
202,0.0,0.0,33.0,2530000.0,1500000.0,940000.0,0,0.0,0.37,2.0,9.0,3.0,2.0,3.0,1.0,0.0,1.0,9.0,0.0,0.0
203,0.0,1.0,25.0,2660000.0,2180000.0,1280000.0,0,0.0,0.48,2.0,5.0,2.0,2.0,0.0,0.0,0.0,1.0,4.0,1.0,1.0
204,0.0,1.0,28.0,2570000.0,2960000.0,0.0,0,0.0,0.0,2.0,8.0,6.0,1.0,0.0,1.0,1.0,1.0,6.0,1.0,1.0
205,1.0,1.0,35.0,5240000.0,4590000.0,1180000.0,0,0.0,0.23,3.0,0.0,0.0,4.0,2.0,0.0,0.0,1.0,8.0,0.0,1.0
206,1.0,1.0,25.0,6710000.0,2440000.0,0.0,0,0.0,0.0,1.0,3.0,5.0,3.0,3.0,0.0,0.0,0.0,2.0,1.0,0.0
207,0.0,1.0,45.0,5000000.0,350000.0,0.0,0,0.0,0.0,2.0,9.0,3.0,2.0,3.0,0.0,0.0,0.0,26.0,0.0,1.0
208,1.0,1.0,48.0,2470000.0,1450000.0,420000.0,0,0.0,0.17,4.0,1.0,7.0,2.0,3.0,1.0,0.0,0.0,23.0,1.0,1.0
209,1.0,1.0,62.0,3350000.0,840000.0,1660000.0,0,0.0,0.5,2.0,9.0,3.0,1.0,2.0,1.0,0.0,1.0,34.0,1.0,0.0
210,0.0,1.0,25.0,3480000.0,1630000.0,930000.0,0,0.0,0.27,4.0,1.0,7.0,3.0,2.0,0.0,0.0,1.0,3.0,1.0,0.0
211,1.0,0.0,26.0,7140000.0,4960000.0,0.0,0,0.0,0.0,3.0,0.0,0.0,2.0,1.0,0.0,0.0,1.0,1.0,0.0,1.0
212,1.0,1.0,26.0,3340000.0,1380000.0,0.0,0,0.0,0.0,2.0,9.0,3.0,2.0,3.0,0.0,0.0,0.0,5.0,1.0,0.0
213,1.0,1.0,25.0,5060000.0,800000.0,2190000.0,0,0.0,0.43,3.0,0.0,0.0,4.0,0.0,0.0,0.0,1.0,2.0,1.0,0.0
214,1.0,1.0,54.0,3770000.0,4810000.0,0.0,0,0.0,0.0,2.0,8.0,6.0,3.0,3.0,0.0,0.0,1.0,21.0,0.0,1.0
215,0.0,1.0,34.0,4030000.0,3010000.0,410000.0,0,0.0,0.1,3.0,0.0,0.0,2.0,2.0,1.0,0.0,0.0,9.0,0.0,1.0
216,1.0,1.0,63.0,3680000.0,4580000.0,0.0,0,0.0,0.0,2.0,9.0,3.0,2.0,1.0,0.0,1.0,0.0,15.0,0.0,1.0
217,1.0,1.0,27.0,4780000.0,3010000.0,0.0,0,0.0,0.0,2.0,8.0,6.0,4.0,3.0,0.0,1.0,0.0,8.0,1.0,0.0
218,1.0,1.0,32.0,7760000.0,2380000.0,1290000.0,0,0.0,0.17,3.0,0.0,0.0,1.0,1.0,1.0,0.0,1.0,9.0,0.0,1.0
219,1.0,0.0,51.0,4700000.0,2410000.0,0.0,1,1.0,0.0,2.0,8.0,6.0,4.0,0.0,0.0,0.0,1.0,3.0,0.0,1.0
220,0.0,1.0,30.0,6310000.0,2080000.0,2770000.0,0,0.0,0.44,1.0,3.0,5.0,3.0,0.0,1.0,0.0,1.0,11.0,1.0,1.0
221,0.0,1.0,65.0,4030000.0,2370000.0,0.0,0,0.0,0.0,2.0,8.0,6.0,2.0,2.0,0.0,0.0,0.0,14.0,1.0,1.0
222,1.0,1.0,64.0,3840000.0,2850000.0,1750000.0,0,0.0,0.46,4.0,1.0,7.0,3.0,2.0,1.0,0.0,1.0,10.0,1.0,1.0
223,1.0,0.0,49.0,7000000.0,1430000.0,0.0,0,0.0,0.0,1.0,3.0,5.0,2.0,1.0,0.0,0.0,0.0,15.0,0.0,0.0
224,0.0,1.0,36.0,3520000.0,4160000.0,0.0,0,0.0,0.0,2.0,8.0,6.0,4.0,1.0,0.0,0.0,0.0,18.0,0.0,0.0
225,0.0,0.0,60.0,4670000.0,2540000.0,590000.0,0,0.0,0.13,3.0,4.0,3.0,1.0,0.0,1.0,0.0,0.0,6.0,1.0,0.0
226,0.0,1.0,28.0,2440000.0,4500000.0,0.0,0,0.0,0.0,4.0,1.0,7.0,2.0,3.0,0.0,0.0,1.0,6.0,0.0,1.0
227,1.0,1.0,25.0,6360000.0,1980000.0,850000.0,0,0.0,0.13,1.0,3.0,5.0,4.0,0.0,0.0,0.0,0.0,7.0,1.0,1.0
228,1.0,1.0,26.0,2050000.0,3100000.0,880000.0,0,0.0,0.43,4.0,1.0,7.0,2.0,0.0,1.0,0.0,0.0,3.0,1.0,0.0
229,0.0,0.0,44.0,4370000.0,4620000.0,1230000.0,0,0.0,0.28,1.0,10.0,4.0,1.0,3.0,0.0,0.0,0.0,1.0,0.0,0.0
230,0.0,0.0,58.0,6460000.0,470000.0,890000.0,0,0.0,0.14,1.0,3.0,5.0,2.0,3.0,0.0,0.0,0.0,24.0,1.0,0.0
231,0.0,1.0,34.0,4150000.0,2330000.0,0.0,0,0.0,0.0,2.0,5.0,2.0,4.0,3.0,1.0,0.0,0.0,9.0,1.0,1.0
232,0.0,0.0,41.0,6360000.0,4420000.0,3050000.0,1,0.0,0.48,1.0,3.0,5.0,4.0,3.0,1.0,0.0,0.0,20.0,0.0,1.0
233,0.0,1.0,30.0,7980000.0,1190000.0,710000.0,0,0.0,0.09,3.0,0.0,0.0,3.0,2.0,0.0,0.0,0.0,8.0,0.0,1.0
234,1.0,1.0,38.0,2820000.0,2980000.0,750000.0,0,0.0,0.27,2.0,8.0,6.0,2.0,0.0,1.0,0.0,1.0,12.0,0.0,0.0
235,0.0,1.0,32.0,4620000.0,2620000.0,340000.0,0,0.0,0.07,2.0,5.0,2.0,2.0,0.0,0.0,0.0,1.0,8.0,1.0,1.0
236,1.0,1.0,54.0,4610000.0,3430000.0,0.0,0,0.0,0.0,2.0,5.0,2.0,3.0,3.0,1.0,1.0,0.0,4.0,0.0,1.0
237,1.0,1.0,45.0,6150000.0,830000.0,1810000.0,0,0.0,0.29,1.0,10.0,4.0,1.0,2.0,1.0,0.0,1.0,7.0,1.0,0.0
238,0.0,1.0,34.0,4970000.0,3760000.0,760000.0,0,0.0,0.15,3.0,2.0,2.0,3.0,3.0,0.0,0.0,0.0,5.0,1.0,1.0
239,0.0,1.0,54.0,4730000.0,2230000.0,780000.0,0,0.0,0.16,2.0,5.0,2.0,2.0,3.0,0.0,1.0,1.0,31.0,1.0,1.0
240,1.0,1.0,57.0,4780000.0,2630000.0,0.0,0,0.0,0.0,1.0,10.0,4.0,2.0,0.0,0.0,0.0,1.0,20.0,0.0,1.0
241,1.0,0.0,28.0,3810000.0,2870000.0,0.0,1,1.0,0.0,4.0,1.0,7.0,1.0,0.0,1.0,0.0,1.0,7.0,1.0,1.0
242,0.0,1.0,62.0,4340000.0,590000.0,2080000.0,0,0.0,0.48,2.0,5.0,2.0,2.0,3.0,0.0,0.0,1.0,3.0,0.0,0.0
243,1.0,1.0,49.0,6900000.0,4760000.0,1150000.0,0,0.0,0.17,1.0,3.0,5.0,2.0,3.0,1.0,0.0,0.0,27.0,1.0,1.0
244,0.0,1.0,46.0,3410000.0,1570000.0,0.0,0,0.0,0.0,4.0,1.0,7.0,4.0,1.0,1.0,0.0,1.0,4.0,1.0,0.0
245,0.0,0.0,55.0,6870000.0,4150000.0,0.0,0,0.0,0.0,1.0,10.0,4.0,1.0,0.0,1.0,0.0,1.0,32.0,1.0,1.0
246,0.0,0.0,31.0,3820000.0,2140000.0,450000.0,0,0.0,0.12,2.0,5.0,2.0,2.0,3.0,0.0,0.0,1.0,9.0,1.0,1.0
247,0.0,1.0,26.0,2280000.0,3490000.0,1050000.0,0,0.0,0.46,4.0,1.0,7.0,3.0,3.0,0.0,1.0,0.0,2.0,1.0,0.0
248,0.0,1.0,53.0,4250000.0,330000.0,980000.0,0,0.0,0.23,2.0,9.0,3.0,1.0,1.0,1.0,0.0,1.0,3.0,0.0,1.0
249,1.0,1.0,53.0,3750000.0,4310000.0,1710000.0,0,0.0,0.46,2.0,5.0,2.0,3.0,2.0,1.0,0.0,1.0,1.0,0.0,0.0
250,0.0,1.0,56.0,4680000.0,2800000.0,0.0,0,0.0,0.0,2.0,9.0,3.0,3.0,0.0,1.0,0.0,0.0,27.0,0.0,0.0
251,0.0,1.0,58.0,6850000.0,2360000.0,0.0,0,0.0,0.0,1.0,3.0,5.0,3.0,2.0,0.0,0.0,1.0,32.0,1.0,0.0
252,1.0,1.0,57.0,3720000.0,4570000.0,660000.0,0,0.0,0.18,3.0,2.0,2.0,3.0,2.0,1.0,0.0,1.0,16.0,0.0,1.0
253,1.0,1.0,25.0,2350000.0,4660000.0,0.0,0,0.0,0.0,4.0,1.0,7.0,3.0,1.0,1.0,0.0,0.0,1.0,1.0,0.0
254,0.0,1.0,56.0,3390000.0,3820000.0,720000.0,0,0.0,0.21,4.0,1.0,7.0,2.0,1.0,0.0,0.0,0.0,38.0,1.0,1.0
255,1.0,1.0,63.0,4660000.0,2700000.0,970000.0,0,0.0,0.21,2.0,8.0,6.0,3.0,1.0,0.0,0.0,1.0,30.0,0.0,1.0
256,1.0,0.0,29.0,5090000.0,1480000.0,1640000.0,0,0.0,0.32,1.0,10.0,4.0,2.0,2.0,0.0,0.0,0.0,9.0,0.0,0.0
257,1.0,1.0,27.0,6670000.0,2110000.0,0.0,0,0.0,0.0,1.0,3.0,5.0,2.0,3.0,1.0,0.0,0.0,0.0,0.0,1.0
258,1.0,1.0,41.0,6100000.0,930000.0,1380000.0,0,0.0,0.23,3.0,0.0,0.0,1.0,0.0,0.0,0.0,0.0,4.0,1.0,0.0
259,0.0,0.0,58.0,7560000.0,2680000.0,0.0,0,0.0,0.0,3.0,0.0,0.0,4.0,1.0,1.0,0.0,0.0,14.0,1.0,1.0
260,0.0,1.0,32.0,5470000.0,4640000.0,820000.0,0,0.0,0.15,3.0,0.0,0.0,1.0,1.0,1.0,0.0,1.0,14.0,0.0,1.0
261,0.0,1.0,29.0,6910000.0,3980000.0,0.0,0,0.0,0.0,1.0,10.0,4.0,4.0,3.0,1.0,0.0,0.0,5.0,0.0,0.0
262,1.0,1.0,28.0,6370000.0,2150000.0,0.0,0,0.0,0.0,1.0,10.0,4.0,4.0,3.0,1.0,0.0,1.0,7.0,0.0,0.0
263,0.0,1.0,42.0,5900000.0,1660000.0,0.0,0,0.0,0.0,3.0,0.0,0.0,2.0,2.0,1.0,0.0,1.0,9.0,1.0,0.0
264,1.0,1.0,65.0,4190000.0,4350000.0,1690000.0,0,0.0,0.4,2.0,8.0,6.0,1.0,0.0,0.0,0.0,1.0,28.0,1.0,0.0
265,0.0,1.0,43.0,5130000.0,520000.0,480000.0,0,0.0,0.09,1.0,10.0,4.0,2.0,2.0,0.0,0.0,1.0,25.0,1.0,1.0
266,0.0,1.0,38.0,2800000.0,300000.0,870000.0,0,0.0,0.31,3.0,2.0,2.0,3.0,3.0,0.0,1.0,0.0,9.0,1.0,1.0
267,0.0,1.0,58.0,3090000.0,3090000.0,0.0,0,0.0,0.0,2.0,8.0,6.0,3.0,0.0,0.0,0.0,0.0,31.0,0.0,1.0
268,0.0,0.0,56.0,4000000.0,550000.0,0.0,0,0.0,0.0,2.0,5.0,2.0,1.0,3.0,0.0,0.0,0.0,28.0,0.0,1.0
269,1.0,0.0,32.0,4810000.0,3970000.0,0.0,0,0.0,0.0,3.0,4.0,3.0,2.0,2.0,1.0,0.0,0.0,13.0,0.0,0.0
270,0.0,1.0,28.0,3730000.0,2310000.0,0.0,0,0.0,0.0,2.0,5.0,2.0,1.0,3.0,0.0,0.0,0.0,7.0,1.0,0.0
271,1.0,1.0,53.0,5820000.0,870000.0,0.0,0,0.0,0.0,1.0,10.0,4.0,2.0,1.0,0.0,0.0,1.0,4.0,1.0,1.0
272,0.0,1.0,55.0,6500000.0,3900000.0,0.0,0,0.0,0.0,1.0,3.0,5.0,4.0,3.0,0.0,0.0,1.0,27.0,1.0,1.0
273,0.0,1.0,29.0,3680000.0,3900000.0,490000.0,0,0.0,0.13,3.0,2.0,2.0,1.0,0.0,0.0,0.0,1.0,10.0,0.0,0.0
274,1.0,0.0,46.0,2970000.0,4620000.0,0.0,1,0.0,0.0,3.0,4.0,3.0,4.0,3.0,0.0,0.0,1.0,7.0,1.0,1.0
275,1.0,0.0,57.0,3070000.0,880000.0,0.0,0,0.0,0.0,3.0,2.0,2.0,4.0,0.0,0.0,0.0,1.0,20.0,1.0,1.0
276,1.0,0.0,61.0,4710000.0,3530000.0,0.0,0,0.0,0.0,1.0,3.0,5.0,1.0,3.0,0.0,0.0,1.0,24.0,1.0,1.0
277,1.0,1.0,28.0,4250000.0,2080000.0,1140000.0,0,0.0,0.27,2.0,8.0,6.0,4.0,0.0,0.0,0.0,1.0,3.0,0.0,1.0
278,1.0,1.0,35.0,4680000.0,1030000.0,2200000.0,0,0.0,0.47,3.0,2.0,2.0,1.0,0.0,1.0,0.0,1.0,16.0,1.0,0.0
279,0.0,1.0,29.0,3020000.0,2270000.0,850000.0,0,0.0,0.28,3.0,4.0,3.0,3.0,1.0,0.0,0.0,0.0,5.0,0.0,0.0
280,1.0,0.0,41.0,5260000.0,2860000.0,0.0,0,0.0,0.0,1.0,10.0,4.0,3.0,1.0,0.0,0.0,0.0,2.0,0.0,0.0
281,0.0,1.0,52.0,4190000.0,4700000.0,0.0,0,0.0,0.0,2.0,8.0,6.0,3.0,0.0,0.0,0.0,0.0,4.0,0.0,1.0
282,0.0,0.0,63.0,4160000.0,450000.0,1370000.0,0,0.0,0.33,2.0,8.0,6.0,2.0,2.0,1.0,0.0,1.0,12.0,1.0,0.0
283,1.0,1.0,57.0,4800000.0,4200000.0,740000.0,1,1.0,0.15,3.0,4.0,3.0,2.0,2.0,0.0,0.0,0.0,26.0,1.0,1.0
284,0.0,1.0,47.0,2970000.0,4220000.0,770000.0,0,0.0,0.26,2.0,5.0,2.0,2.0,1.0,0.0,0.0,1.0,4.0,0.0,1.0
285,0.0,1.0,55.0,4690000.0,2820000.0,0.0,0,0.0,0.0,2.0,5.0,2.0,4.0,0.0,1.0,0.0,0.0,14.0,0.0,1.0
286,0.0,1.0,30.0,5110000.0,3940000.0,1150000.0,0,0.0,0.23,3.0,0.0,0.0,1.0,3.0,0.0,0.0,0.0,12.0,0.0,0.0
287,1.0,1.0,41.0,3470000.0,610000.0,950000.0,0,0.0,0.27,3.0,2.0,2.0,2.0,0.0,0.0,0.0,0.0,16.0,0.0,0.0
288,0.0,0.0,54.0,3330000.0,1300000.0,260000.0,0,0.0,0.08,3.0,2.0,2.0,3.0,2.0,0.0,0.0,1.0,13.0,1.0,0.0
289,0.0,1.0,30.0,5880000.0,4010000.0,620000.0,0,0.0,0.11,1.0,3.0,5.0,2.0,1.0,1.0,0.0,0.0,7.0,0.0,1.0
290,1.0,1.0,34.0,6130000.0,1060000.0,1770000.0,0,0.0,0.29,1.0,3.0,5.0,1.0,3.0,0.0,0.0,0.0,2.0,0.0,0.0
291,1.0,0.0,54.0,3960000.0,3810000.0,200000.0,0,0.0,0.05,3.0,2.0,2.0,3.0,0.0,0.0,0.0,0.0,35.0,1.0,0.0
292,1.0,1.0,54.0,2220000.0,3350000.0,820000.0,0,0.0,0.37,4.0,1.0,7.0,1.0,2.0,0.0,0.0,0.0,25.0,0.0,1.0
293,1.0,1.0,55.0,2600000.0,980000.0,870000.0,0,0.0,0.33,3.0,4.0,3.0,4.0,2.0,1.0,0.0,1.0,26.0,0.0,0.0
294,0.0,1.0,31.0,3170000.0,4100000.0,880000.0,0,0.0,0.28,2.0,9.0,3.0,4.0,2.0,1.0,0.0,1.0,1.0,0.0,1.0
295,1.0,1.0,42.0,3770000.0,3730000.0,0.0,0,0.0,0.0,4.0,1.0,7.0,3.0,0.0,0.0,0.0,0.0,18.0,0.0,1.0
296,1.0,1.0,44.0,2600000.0,620000.0,860000.0,0,0.0,0.33,4.0,1.0,7.0,3.0,1.0,0.0,0.0,0.0,4.0,0.0,1.0
297,1.0,1.0,31.0,4290000.0,2130000.0,0.0,0,0.0,0.0,2.0,8.0,6.0,4.0,1.0,0.0,1.0,0.0,10.0,0.0,1.0
298,0.0,1.0,63.0,2960000.0,2890000.0,350000.0,0,0.0,0.12,4.0,1.0,7.0,3.0,3.0,1.0,0.0,1.0,31.0,0.0,0.0
299,0.0,0.0,39.0,5960000.0,4880000.0,660000.0,1,1.0,0.11,3.0,0.0,0.0,2.0,0.0,1.0,0.0,0.0,4.0,1.0,1.0
300,0.0,0.0,61.0,4470000.0,3670000.0,0.0,0,0.0,0.0,1.0,3.0,5.0,4.0,0.0,1.0,1.0,1.0,40.0,1.0,0.0
301,0.0,1.0,56.0,3780000.0,3260000.0,0.0,0,0.0,0.0,2.0,8.0,6.0,3.0,0.0,1.0,0.0,1.0,11.0,1.0,0.0
302,1.0,1.0,40.0,4990000.0,580000.0,2180000.0,1,0.0,0.44,3.0,2.0,2.0,1.0,2.0,0.0,0.0,1.0,7.0,0.0,1.0
303,1.0,0.0,46.0,2670000.0,2970000.0,0.0,0,0.0,0.0,2.0,9.0,3.0,4.0,3.0,0.0,0.0,1.0,18.0,0.0,0.0
304,0.0,1.0,34.0,4590000.0,4310000.0,0.0,0,0.0,0.0,1.0,3.0,5.0,2.0,2.0,0.0,0.0,0.0,6.0,1.0,1.0
305,0.0,1.0,54.0,2390000.0,3490000.0,0.0,0,0.0,0.0,4.0,1.0,7.0,4.0,1.0,0.0,1.0,0.0,32.0,1.0,0.0
306,1.0,1.0,56.0,3710000.0,700000.0,1510000.0,0,0.0,0.41,4.0,1.0,7.0,3.0,2.0,1.0,0.0,0.0,14.0,0.0,0.0
307,0.0,1.0,65.0,6970000.0,1810000.0,3110000.0,0,0.0,0.45,1.0,10.0,4.0,1.0,0.0,0.0,0.0,1.0,39.0,1.0,1.0
308,1.0,1.0,29.0,180000.0,1790000.0,0.0,1,0.0,0.0,5.0,7.0,1.0,2.0,1.0,1.0,0.0,0.0,5.0,0.0,0.0
309,1.0,1.0,34.0,4130000.0,2820000.0,1070000.0,0,0.0,0.26,1.0,10.0,4.0,3.0,3.0,1.0,0.0,1.0,1.0,1.0,1.0
310,0.0,1.0,64.0,3630000.0,4400000.0,0.0,0,0.0,0.0,2.0,9.0,3.0,4.0,1.0,1.0,0.0,0.0,21.0,0.0,0.0
311,1.0,0.0,33.0,3230000.0,4790000.0,1410000.0,1,1.0,0.44,2.0,8.0,6.0,1.0,2.0,1.0,0.0,0.0,0.0,1.0,0.0
312,1.0,1.0,27.0,4200000.0,4000000.0,300000.0,0,0.0,0.07,3.0,2.0,2.0,3.0,3.0,0.0,0.0,1.0,1.0,1.0,0.0
313,0.0,1.0,51.0,3120000.0,1350000.0,310000.0,1,0.0,0.1,2.0,5.0,2.0,2.0,1.0,1.0,0.0,1.0,24.0,0.0,0.0
314,1.0,1.0,36.0,5480000.0,4280000.0,1960000.0,0,0.0,0.36,1.0,3.0,5.0,2.0,0.0,1.0,0.0,0.0,2.0,0.0,1.0
315,1.0,1.0,33.0,3950000.0,1510000.0,0.0,0,0.0,0.0,2.0,5.0,2.0,4.0,3.0,0.0,0.0,0.0,4.0,0.0,1.0
316,0.0,1.0,28.0,3930000.0,1760000.0,750000.0,0,0.0,0.19,4.0,1.0,7.0,1.0,2.0,1.0,0.0,1.0,6.0,0.0,0.0
317,1.0,0.0,26.0,2690000.0,4630000.0,240000.0,0,0.0,0.09,2.0,5.0,2.0,3.0,0.0,1.0,0.0,1.0,7.0,1.0,0.0
318,0.0,1.0,51.0,6730000.0,3740000.0,0.0,0,0.0,0.0,3.0,0.0,0.0,1.0,1.0,0.0,0.0,0.0,12.0,0.0,0.0
319,0.0,0.0,26.0,3620000.0,3340000.0,790000.0,0,0.0,0.22,3.0,4.0,3.0,2.0,1.0,1.0,0.0,1.0,5.0,1.0,1.0
320,1.0,1.0,34.0,4770000.0,3910000.0,1400000.0,0,0.0,0.29,1.0,3.0,5.0,1.0,1.0,0.0,0.0,1.0,6.0,1.0,1.0
321,0.0,1.0,37.0,3910000.0,3270000.0,0.0,0,0.0,0.0,2.0,5.0,2.0,1.0,1.0,1.0,0.0,0.0,6.0,1.0,1.0
322,0.0,0.0,53.0,7950000.0,3120000.0,1610000.0,0,0.0,0.2,3.0,0.0,0.0,3.0,3.0,0.0,0.0,0.0,5.0,0.0,1.0
323,1.0,0.0,25.0,4010000.0,930000.0,590000.0,0,0.0,0.15,3.0,4.0,3.0,1.0,2.0,0.0,0.0,0.0,1.0,0.0,0.0
324,0.0,1.0,27.0,6390000.0,3940000.0,1280000.0,0,0.0,0.2,1.0,10.0,4.0,1.0,0.0,0.0,0.0,1.0,8.0,0.0,0.0
325,0.0,1.0,47.0,2610000.0,4020000.0,0.0,0,0.0,0.0,4.0,1.0,7.0,1.0,1.0,1.0,0.0,0.0,24.0,1.0,1.0
326,1.0,1.0,56.0,4790000.0,2250000.0,1520000.0,0,0.0,0.32,2.0,5.0,2.0,1.0,0.0,1.0,1.0,1.0,31.0,1.0,0.0
327,0.0,0.0,53.0,3420000.0,3270000.0,0.0,0,0.0,0.0,4.0,1.0,7.0,1.0,0.0,1.0,0.0,1.0,27.0,0.0,0.0
328,1.0,1.0,59.0,5290000.0,1130000.0,0.0,0,0.0,0.0,1.0,3.0,5.0,1.0,1.0,1.0,0.0,0.0,4.0,0.0,1.0
329,0.0,1.0,27.0,3130000.0,3720000.0,0.0,1,1.0,0.0,2.0,8.0,6.0,4.0,2.0,0.0,0.0,0.0,4.0,0.0,0.0
330,0.0,1.0,60.0,2160000.0,2230000.0,790000.0,0,0.0,0.37,4.0,1.0,7.0,2.0,0.0,0.0,0.0,1.0,1.0,1.0,1.0
331,1.0,1.0,64.0,3800000.0,2520000.0,1760000.0,0,0.0,0.46,4.0,1.0,7.0,3.0,0.0,0.0,0.0,0.0,42.0,0.0,0.0
332,1.0,0.0,25.0,2090000.0,1040000.0,640000.0,0,0.0,0.31,4.0,1.0,7.0,1.0,3.0,1.0,0.0,0.0,3.0,1.0,1.0
333,1.0,1.0,63.0,4420000.0,1450000.0,1660000.0,0,0.0,0.38,1.0,3.0,5.0,3.0,2.0,1.0,0.0,1.0,26.0,0.0,1.0
334,0.0,0.0,25.0,2770000.0,2400000.0,0.0,0,0.0,0.0,3.0,4.0,3.0,1.0,1.0,0.0,0.0,1.0,5.0,0.0,1.0
335,1.0,1.0,54.0,6650000.0,2160000.0,0.0,0,0.0,0.0,1.0,3.0,5.0,4.0,1.0,0.0,0.0,0.0,7.0,1.0,1.0
336,0.0,1.0,30.0,3330000.0,3420000.0,1350000.0,0,0.0,0.41,2.0,5.0,2.0,1.0,3.0,1.0,0.0,1.0,0.0,0.0,1.0
337,0.0,0.0,53.0,3480000.0,940000.0,1200000.0,0,0.0,0.34,3.0,4.0,3.0,2.0,3.0,0.0,0.0,1.0,8.0,1.0,0.0
338,0.0,1.0,26.0,3310000.0,990000.0,0.0,0,0.0,0.0,2.0,8.0,6.0,3.0,2.0,0.0,0.0,1.0,6.0,1.0,0.0
339,0.0,1.0,54.0,3140000.0,2580000.0,0.0,0,0.0,0.0,2.0,8.0,6.0,1.0,0.0,0.0,0.0,1.0,17.0,0.0,0.0
340,1.0,1.0,32.0,3440000.0,3430000.0,710000.0,0,0.0,0.21,3.0,4.0,3.0,3.0,1.0,0.0,0.0,0.0,10.0,1.0,1.0
341,0.0,1.0,61.0,3910000.0,1910000.0,1420000.0,0,0.0,0.36,2.0,5.0,2.0,3.0,1.0,1.0,0.0,1.0,8.0,1.0,1.0
342,0.0,1.0,51.0,5630000.0,2060000.0,0.0,0,0.0,0.0,3.0,0.0,0.0,2.0,0.0,1.0,0.0,0.0,2.0,0.0,1.0
343,0.0,1.0,55.0,4220000.0,1100000.0,1870000.0,1,0.0,0.44,3.0,4.0,3.0,1.0,2.0,0.0,0.0,1.0,20.0,0.0,1.0
344,0.0,0.0,65.0,3910000.0,3230000.0,900000.0,0,0.0,0.23,4.0,1.0,7.0,4.0,1.0,0.0,0.0,0.0,34.0,1.0,0.0
345,1.0,1.0,54.0,4580000.0,4740000.0,0.0,0,0.0,0.0,3.0,4.0,3.0,4.0,2.0,1.0,0.0,1.0,33.0,1.0,0.0
346,1.0,1.0,63.0,4700000.0,1010000.0,1880000.0,0,0.0,0.4,2.0,5.0,2.0,2.0,3.0,1.0,0.0,0.0,41.0,0.0,0.0
347,0.0,1.0,58.0,6590000.0,1450000.0,2450000.0,0,0.0,0.37,1.0,10.0,4.0,3.0,2.0,1.0,0.0,0.0,12.0,0.0,0.0
348,0.0,1.0,41.0,7570000.0,490000.0,0.0,0,0.0,0.0,3.0,0.0,0.0,1.0,0.0,0.0,0.0,0.0,20.0,1.0,0.0
349,0.0,0.0,57.0,4910000.0,3870000.0,0.0,0,0.0,0.0,1.0,3.0,5.0,1.0,1.0,0.0,0.0,1.0,37.0,0.0,0.0
350,1.0,1.0,43.0,3170000.0,1760000.0,1170000.0,0,0.0,0.37,2.0,5.0,2.0,2.0,3.0,1.0,0.0,1.0,23.0,0.0,0.0
351,0.0,1.0,30.0,2850000.0,1700000.0,0.0,0,0.0,0.0,2.0,9.0,3.0,1.0,1.0,0.0,0.0,1.0,9.0,1.0,0.0
352,0.0,1.0,51.0,4740000.0,4830000.0,580000.0,0,0.0,0.12,1.0,3.0,5.0,3.0,3.0,0.0,0.0,1.0,29.0,1.0,0.0
353,1.0,0.0,64.0,7530000.0,830000.0,0.0,0,0.0,0.0,3.0,0.0,0.0,4.0,0.0,1.0,0.0,1.0,15.0,0.0,0.0
354,1.0,0.0,41.0,5050000.0,1240000.0,2280000.0,1,0.0,0.45,1.0,10.0,4.0,1.0,3.0,0.0,0.0,1.0,3.0,1.0,0.0
355,1.0,1.0,52.0,3320000.0,550000.0,0.0,0,0.0,0.0,4.0,1.0,7.0,4.0,1.0,1.0,0.0,1.0,1.0,1.0,0.0
356,0.0,1.0,64.0,3800000.0,3960000.0,0.0,0,0.0,0.0,4.0,1.0,7.0,1.0,1.0,0.0,0.0,1.0,31.0,1.0,1.0
357,1.0,1.0,25.0,3660000.0,3640000.0,0.0,0,0.0,0.0,4.0,1.0,7.0,4.0,3.0,0.0,0.0,1.0,6.0,1.0,0.0
358,0.0,1.0,36.0,5100000.0,3590000.0,2060000.0,0,0.0,0.4,3.0,0.0,0.0,1.0,2.0,1.0,0.0,0.0,16.0,0.0,1.0
359,0.0,0.0,48.0,2620000.0,1890000.0,910000.0,0,0.0,0.35,2.0,8.0,6.0,1.0,0.0,0.0,0.0,1.0,3.0,0.0,1.0
360,0.0,0.0,40.0,4640000.0,4470000.0,0.0,0,0.0,0.0,3.0,2.0,2.0,2.0,2.0,1.0,0.0,0.0,19.0,0.0,1.0
361,0.0,0.0,57.0,3960000.0,4740000.0,0.0,0,0.0,0.0,2.0,5.0,2.0,4.0,0.0,0.0,0.0,1.0,2.0,0.0,1.0
362,1.0,1.0,62.0,3190000.0,2370000.0,0.0,0,0.0,0.0,2.0,5.0,2.0,3.0,2.0,1.0,0.0,0.0,41.0,0.0,0.0
363,0.0,1.0,42.0,4700000.0,2380000.0,1520000.0,0,0.0,0.32,2.0,8.0,6.0,2.0,3.0,0.0,0.0,0.0,16.0,0.0,1.0
364,1.0,0.0,32.0,3820000.0,2950000.0,0.0,0,0.0,0.0,2.0,5.0,2.0,1.0,2.0,1.0,0.0,1.0,8.0,1.0,1.0
365,0.0,1.0,30.0,3820000.0,3500000.0,0.0,0,0.0,0.0,2.0,9.0,3.0,1.0,1.0,1.0,0.0,0.0,7.0,1.0,1.0
366,1.0,1.0,61.0,4740000.0,3320000.0,2080000.0,0,0.0,0.44,3.0,0.0,0.0,1.0,2.0,1.0,0.0,0.0,8.0,1.0,0.0
367,0.0,1.0,49.0,3770000.0,310000.0,0.0,0,0.0,0.0,2.0,8.0,6.0,1.0,3.0,1.0,0.0,0.0,16.0,1.0,0.0
368,1.0,1.0,42.0,4390000.0,1140000.0,350000.0,0,0.0,0.08,2.0,9.0,3.0,1.0,2.0,1.0,0.0,1.0,23.0,0.0,0.0
369,1.0,1.0,65.0,3180000.0,2290000.0,0.0,0,0.0,0.0,2.0,9.0,3.0,1.0,0.0,1.0,0.0,1.0,21.0,0.0,0.0
370,1.0,1.0,50.0,2800000.0,1230000.0,1380000.0,0,0.0,0.49,3.0,4.0,3.0,3.0,1.0,1.0,0.0,0.0,17.0,0.0,1.0
371,1.0,1.0,50.0,2630000.0,3450000.0,0.0,0,0.0,0.0,3.0,4.0,3.0,3.0,0.0,0.0,0.0,1.0,15.0,0.0,1.0
372,1.0,1.0,53.0,2830000.0,1200000.0,1260000.0,0,0.0,0.45,3.0,2.0,2.0,3.0,3.0,1.0,0.0,0.0,21.0,0.0,1.0
373,0.0,1.0,54.0,6140000.0,1770000.0,2380000.0,0,0.0,0.39,3.0,0.0,0.0,4.0,0.0,1.0,0.0,0.0,8.0,0.0,0.0
374,0.0,0.0,50.0,4020000.0,2380000.0,220000.0,0,0.0,0.05,1.0,10.0,4.0,2.0,2.0,0.0,0.0,1.0,10.0,0.0,0.0
375,0.0,0.0,26.0,4250000.0,1030000.0,0.0,0,0.0,0.0,1.0,10.0,4.0,4.0,3.0,0.0,0.0,0.0,8.0,1.0,1.0
376,0.0,1.0,52.0,6020000.0,1250000.0,1700000.0,0,0.0,0.28,1.0,3.0,5.0,1.0,0.0,1.0,0.0,0.0,4.0,1.0,0.0
377,0.0,1.0,57.0,4410000.0,770000.0,0.0,0,0.0,0.0,2.0,9.0,3.0,3.0,1.0,1.0,0.0,1.0,14.0,0.0,0.0
378,0.0,1.0,40.0,3210000.0,1110000.0,480000.0,0,0.0,0.15,3.0,2.0,2.0,4.0,3.0,0.0,0.0,1.0,6.0,1.0,1.0
379,1.0,0.0,43.0,3920000.0,3070000.0,0.0,0,0.0,0.0,3.0,4.0,3.0,3.0,2.0,0.0,0.0,0.0,11.0,1.0,1.0
380,1.0,0.0,65.0,3150000.0,4480000.0,330000.0,0,0.0,0.1,2.0,9.0,3.0,4.0,2.0,0.0,0.0,1.0,46.0,0.0,1.0
381,0.0,1.0,29.0,2070000.0,3820000.0,0.0,0,0.0,0.0,4.0,6.0,2.0,1.0,1.0,1.0,0.0,1.0,3.0,1.0,1.0
382,0.0,1.0,54.0,3430000.0,690000.0,0.0,0,0.0,0.0,3.0,2.0,2.0,3.0,0.0,0.0,0.0,0.0,33.0,1.0,0.0
383,1.0,1.0,63.0,4360000.0,2460000.0,0.0,0,0.0,0.0,2.0,5.0,2.0,1.0,3.0,1.0,0.0,0.0,19.0,1.0,0.0
384,0.0,1.0,40.0,4040000.0,1840000.0,1490000.0,0,0.0,0.37,1.0,3.0,5.0,1.0,0.0,0.0,0.0,1.0,12.0,0.0,0.0
385,1.0,0.0,53.0,5540000.0,2430000.0,0.0,0,0.0,0.0,1.0,10.0,4.0,4.0,3.0,0.0,0.0,1.0,5.0,0.0,0.0
386,1.0,0.0,38.0,6110000.0,3270000.0,770000.0,0,0.0,0.13,3.0,0.0,0.0,1.0,2.0,0.0,0.0,0.0,20.0,0.0,0.0
387,0.0,1.0,53.0,4380000.0,4250000.0,0.0,0,0.0,0.0,3.0,4.0,3.0,2.0,1.0,1.0,0.0,0.0,12.0,1.0,0.0
388,1.0,1.0,52.0,4400000.0,1350000.0,1910000.0,0,0.0,0.43,2.0,8.0,6.0,1.0,2.0,1.0,0.0,0.0,18.0,1.0,0.0
389,0.0,1.0,56.0,3050000.0,3010000.0,940000.0,0,0.0,0.31,2.0,8.0,6.0,2.0,1.0,0.0,0.0,1.0,38.0,0.0,0.0
390,0.0,0.0,56.0,3000000.0,2050000.0,0.0,0,0.0,0.0,4.0,1.0,7.0,2.0,2.0,1.0,0.0,0.0,35.0,1.0,0.0
391,0.0,0.0,40.0,2300000.0,4480000.0,0.0,1,0.0,0.0,4.0,1.0,7.0,4.0,0.0,0.0,0.0,0.0,15.0,0.0,0.0
392,0.0,1.0,46.0,3340000.0,4240000.0,0.0,0,0.0,0.0,4.0,1.0,7.0,4.0,1.0,1.0,1.0,0.0,9.0,1.0,0.0
393,0.0,1.0,55.0,4120000.0,1100000.0,1880000.0,0,0.0,0.46,3.0,0.0,0.0,4.0,1.0,1.0,0.0,0.0,6.0,1.0,0.0
394,0.0,0.0,47.0,2850000.0,4840000.0,690000.0,0,0.0,0.24,4.0,1.0,7.0,4.0,1.0,1.0,0.0,0.0,13.0,1.0,0.0
395,0.0,1.0,63.0,2770000.0,2400000.0,0.0,0,0.0,0.0,2.0,8.0,6.0,2.0,0.0,1.0,0.0,0.0,42.0,0.0,0.0
396,1.0,1.0,61.0,4410000.0,1690000.0,0.0,0,0.0,0.0,2.0,8.0,6.0,3.0,3.0,1.0,0.0,1.0,0.0,0.0,1.0
397,1.0,1.0,39.0,2280000.0,3350000.0,240000.0,0,0.0,0.11,4.0,1.0,7.0,3.0,2.0,0.0,0.0,0.0,8.0,0.0,1.0
398,0.0,1.0,41.0,6590000.0,2730000.0,1590000.0,0,0.0,0.24,1.0,10.0,4.0,2.0,3.0,0.0,0.0,0.0,7.0,0.0,0.0
399,1.0,0.0,38.0,4080000.0,570000.0,0.0,0,0.0,0.0,2.0,9.0,3.0,2.0,0.0,1.0,0.0,0.0,3.0,1.0,0.0
400,0.0,1.0,46.0,4910000.0,4690000.0,0.0,0,0.0,0.0,2.0,8.0,6.0,4.0,0.0,0.0,0.0,0.0,14.0,1.0,1.0
401,1.0,1.0,35.0,2730000.0,2220000.0,0.0,0,0.0,0.0,4.0,1.0,7.0,3.0,0.0,0.0,0.0,0.0,0.0,1.0,1.0
402,0.0,1.0,26.0,3560000.0,4360000.0,0.0,0,0.0,0.0,3.0,4.0,3.0,1.0,1.0,1.0,0.0,1.0,3.0,0.0,1.0
403,1.0,0.0,25.0,4950000.0,950000.0,1350000.0,0,0.0,0.27,1.0,10.0,4.0,3.0,2.0,0.0,0.0,1.0,4.0,1.0,1.0
404,1.0,0.0,63.0,4420000.0,590000.0,0.0,0,0.0,0.0,1.0,3.0,5.0,1.0,1.0,0.0,0.0,1.0,0.0,1.0,0.0
405,0.0,1.0,49.0,3040000.0,1230000.0,0.0,0,0.0,0.0,2.0,9.0,3.0,3.0,3.0,1.0,0.0,1.0,19.0,0.0,0.0
406,1.0,1.0,48.0,6560000.0,960000.0,0.0,0,0.0,0.0,1.0,3.0,5.0,1.0,3.0,0.0,0.0,0.0,20.0,1.0,0.0
407,0.0,1.0,52.0,2550000.0,3870000.0,170000.0,0,0.0,0.07,2.0,8.0,6.0,2.0,2.0,0.0,0.0,1.0,14.0,1.0,1.0
408,0.0,1.0,37.0,4400000.0,920000.0,0.0,0,0.0,0.0,1.0,3.0,5.0,1.0,1.0,1.0,0.0,0.0,18.0,0.0,0.0
409,1.0,0.0,52.0,4030000.0,430000.0,0.0,0,0.0,0.0,3.0,2.0,2.0,2.0,0.0,1.0,0.0,1.0,4.0,1.0,0.0
410,0.0,0.0,64.0,3650000.0,370000.0,910000.0,0,0.0,0.25,2.0,8.0,6.0,4.0,1.0,0.0,0.0,1.0,10.0,0.0,1.0
411,1.0,1.0,53.0,3490000.0,1970000.0,0.0,0,0.0,0.0,4.0,1.0,7.0,4.0,1.0,0.0,0.0,1.0,23.0,0.0,0.0
412,0.0,0.0,59.0,2420000.0,2220000.0,860000.0,0,0.0,0.36,4.0,1.0,7.0,2.0,0.0,0.0,0.0,0.0,9.0,1.0,1.0
413,1.0,1.0,49.0,2060000.0,2880000.0,0.0,0,0.0,0.0,4.0,1.0,7.0,1.0,2.0,0.0,0.0,1.0,30.0,0.0,0.0
414,1.0,1.0,37.0,3850000.0,1940000.0,1290000.0,0,0.0,0.34,4.0,1.0,7.0,3.0,2.0,1.0,0.0,0.0,12.0,0.0,0.0
415,1.0,1.0,39.0,4710000.0,2870000.0,1880000.0,1,1.0,0.4,3.0,4.0,3.0,4.0,1.0,0.0,0.0,1.0,13.0,1.0,0.0
416,1.0,1.0,65.0,3850000.0,1360000.0,0.0,0,0.0,0.0,3.0,4.0,3.0,3.0,1.0,1.0,0.0,1.0,5.0,0.0,1.0
417,1.0,1.0,26.0,3760000.0,2540000.0,840000.0,0,0.0,0.22,3.0,4.0,3.0,2.0,3.0,0.0,0.0,0.0,7.0,0.0,0.0
418,1.0,0.0,47.0,3580000.0,4960000.0,1350000.0,0,0.0,0.38,2.0,5.0,2.0,3.0,0.0,1.0,0.0,0.0,13.0,1.0,1.0
419,1.0,0.0,64.0,5560000.0,4010000.0,0.0,0,0.0,0.0,1.0,3.0,5.0,2.0,3.0,1.0,0.0,1.0,16.0,1.0,1.0
420,1.0,1.0,29.0,4840000.0,1920000.0,660000.0,0,0.0,0.14,3.0,4.0,3.0,4.0,1.0,1.0,1.0,1.0,2.0,0.0,0.0
421,1.0,1.0,39.0,3090000.0,2650000.0,1490000.0,0,0.0,0.48,2.0,8.0,6.0,3.0,2.0,1.0,0.0,1.0,14.0,1.0,0.0
422,0.0,0.0,44.0,3640000.0,3090000.0,890000.0,0,0.0,0.24,2.0,5.0,2.0,1.0,1.0,0.0,0.0,1.0,0.0,1.0,0.0
423,0.0,0.0,26.0,3670000.0,3970000.0,0.0,0,0.0,0.0,4.0,1.0,7.0,2.0,0.0,1.0,0.0,0.0,2.0,1.0,1.0
424,0.0,0.0,61.0,4660000.0,3060000.0,0.0,0,0.0,0.0,3.0,2.0,2.0,1.0,0.0,0.0,0.0,0.0,25.0,0.0,0.0
425,0.0,1.0,41.0,3740000.0,1970000.0,0.0,0,0.0,0.0,3.0,4.0,3.0,4.0,1.0,0.0,0.0,0.0,21.0,0.0,0.0
426,1.0,1.0,40.0,3120000.0,2610000.0,0.0,0,0.0,0.0,2.0,9.0,3.0,1.0,2.0,1.0,0.0,1.0,19.0,1.0,1.0
427,0.0,1.0,60.0,2390000.0,2280000.0,190000.0,0,0.0,0.08,4.0,1.0,7.0,1.0,2.0,1.0,0.0,1.0,6.0,0.0,1.0
428,0.0,0.0,25.0,4640000.0,670000.0,0.0,0,0.0,0.0,2.0,9.0,3.0,4.0,2.0,1.0,0.0,0.0,2.0,1.0,1.0
429,0.0,1.0,59.0,4330000.0,2280000.0,0.0,0,0.0,0.0,2.0,5.0,2.0,3.0,1.0,1.0,0.0,0.0,37.0,1.0,0.0
430,1.0,1.0,53.0,2920000.0,2000000.0,0.0,0,0.0,0.0,2.0,9.0,3.0,2.0,2.0,1.0,0.0,1.0,2.0,1.0,0.0
431,1.0,1.0,44.0,2700000.0,950000.0,0.0,0,0.0,0.0,4.0,1.0,7.0,3.0,3.0,1.0,1.0,1.0,1.0,1.0,1.0
432,0.0,1.0,36.0,4130000.0,840000.0,0.0,0,0.0,0.0,2.0,8.0,6.0,4.0,0.0,1.0,0.0,1.0,12.0,1.0,1.0
433,1.0,0.0,36.0,4160000.0,2790000.0,0.0,0,0.0,0.0,3.0,0.0,0.0,2.0,2.0,0.0,0.0,1.0,13.0,0.0,1.0
434,0.0,1.0,57.0,7010000.0,3650000.0,3100000.0,0,0.0,0.44,3.0,0.0,0.0,2.0,3.0,0.0,1.0,1.0,3.0,0.0,0.0
435,1.0,1.0,47.0,3900000.0,2600000.0,470000.0,0,0.0,0.12,2.0,8.0,6.0,3.0,1.0,1.0,0.0,1.0,17.0,0.0,1.0
436,1.0,0.0,44.0,4690000.0,4540000.0,0.0,0,0.0,0.0,2.0,9.0,3.0,4.0,2.0,1.0,0.0,1.0,19.0,1.0,1.0
437,0.0,1.0,28.0,2350000.0,3290000.0,840000.0,0,0.0,0.36,4.0,1.0,7.0,2.0,0.0,1.0,0.0,0.0,9.0,0.0,1.0
438,1.0,1.0,47.0,4100000.0,1000000.0,1380000.0,1,0.0,0.34,2.0,5.0,2.0,2.0,2.0,1.0,0.0,0.0,18.0,0.0,0.0
439,1.0,0.0,45.0,6920000.0,1180000.0,0.0,0,0.0,0.0,1.0,3.0,5.0,4.0,2.0,0.0,0.0,1.0,8.0,0.0,1.0
440,1.0,1.0,37.0,5740000.0,420000.0,2640000.0,0,0.0,0.46,1.0,3.0,5.0,4.0,1.0,1.0,0.0,0.0,16.0,0.0,0.0
441,1.0,1.0,39.0,6060000.0,610000.0,0.0,0,0.0,0.0,1.0,10.0,4.0,3.0,0.0,1.0,0.0,0.0,1.0,0.0,0.0
442,1.0,1.0,53.0,2210000.0,1060000.0,0.0,0,0.0,0.0,4.0,1.0,7.0,3.0,3.0,1.0,0.0,0.0,6.0,1.0,0.0
443,0.0,0.0,38.0,3180000.0,2500000.0,1080000.0,0,0.0,0.34,4.0,1.0,7.0,3.0,2.0,1.0,0.0,0.0,4.0,0.0,0.0
444,0.0,1.0,41.0,3480000.0,2460000.0,0.0,0,0.0,0.0,4.0,1.0,7.0,3.0,2.0,0.0,0.0,0.0,22.0,0.0,1.0
445,1.0,1.0,28.0,3930000.0,3000000.0,690000.0,0,0.0,0.18,3.0,2.0,2.0,2.0,2.0,0.0,0.0,0.0,10.0,1.0,1.0
446,1.0,0.0,54.0,3220000.0,2850000.0,0.0,0,0.0,0.0,3.0,2.0,2.0,4.0,3.0,0.0,0.0,1.0,33.0,0.0,0.0
447,1.0,1.0,63.0,2860000.0,1850000.0,480000.0,0,0.0,0.17,3.0,4.0,3.0,4.0,2.0,0.0,0.0,0.0,29.0,0.0,0.0
448,0.0,1.0,58.0,2520000.0,3330000.0,180000.0,0,0.0,0.07,2.0,5.0,2.0,4.0,0.0,1.0,0.0,0.0,10.0,1.0,1.0
449,1.0,1.0,55.0,6330000.0,2690000.0,0.0,0,0.0,0.0,1.0,10.0,4.0,1.0,1.0,1.0,0.0,0.0,27.0,1.0,0.0
450,0.0,1.0,32.0,2670000.0,4830000.0,480000.0,0,0.0,0.18,2.0,8.0,6.0,1.0,1.0,1.0,0.0,0.0,8.0,1.0,1.0
451,1.0,1.0,35.0,3820000.0,2180000.0,0.0,0,0.0,0.0,2.0,8.0,6.0,3.0,2.0,0.0,0.0,1.0,11.0,1.0,1.0
452,0.0,1.0,50.0,2540000.0,1990000.0,780000.0,0,0.0,0.31,3.0,2.0,2.0,3.0,0.0,0.0,0.0,1.0,2.0,1.0,1.0
453,1.0,1.0,34.0,2480000.0,450000.0,1090000.0,0,0.0,0.44,4.0,1.0,7.0,2.0,1.0,1.0,0.0,1.0,7.0,1.0,1.0
454,1.0,0.0,32.0,4590000.0,3310000.0,0.0,0,0.0,0.0,3.0,2.0,2.0,2.0,3.0,1.0,1.0,1.0,1.0,1.0,1.0
455,1.0,1.0,56.0,4000000.0,3840000.0,0.0,0,0.0,0.0,4.0,1.0,7.0,3.0,0.0,0.0,0.0,0.0,34.0,0.0,0.0
456,0.0,1.0,48.0,4990000.0,360000.0,1530000.0,0,0.0,0.31,3.0,0.0,0.0,1.0,0.0,1.0,0.0,0.0,14.0,1.0,0.0
457,1.0,0.0,28.0,4020000.0,1000000.0,0.0,0,0.0,0.0,1.0,10.0,4.0,1.0,0.0,0.0,0.0,1.0,5.0,1.0,0.0
458,0.0,1.0,49.0,7800000.0,2620000.0,0.0,0,0.0,0.0,3.0,0.0,0.0,3.0,1.0,1.0,0.0,1.0,27.0,0.0,1.0
459,1.0,1.0,53.0,3200000.0,2460000.0,0.0,0,0.0,0.0,2.0,5.0,2.0,1.0,3.0,0.0,0.0,1.0,9.0,1.0,1.0
460,1.0,1.0,49.0,2500000.0,590000.0,0.0,0,0.0,0.0,3.0,2.0,2.0,2.0,1.0,0.0,0.0,0.0,9.0,0.0,1.0
461,0.0,1.0,33.0,2830000.0,1400000.0,800000.0,0,0.0,0.28,2.0,9.0,3.0,1.0,0.0,0.0,0.0,0.0,4.0,0.0,1.0
462,0.0,1.0,45.0,4890000.0,3270000.0,630000.0,0,0.0,0.13,3.0,0.0,0.0,3.0,3.0,0.0,0.0,0.0,20.0,1.0,0.0
463,0.0,1.0,44.0,4560000.0,2610000.0,450000.0,0,0.0,0.1,1.0,10.0,4.0,1.0,3.0,1.0,0.0,0.0,13.0,1.0,1.0
464,0.0,1.0,36.0,3520000.0,2870000.0,0.0,0,0.0,0.0,3.0,2.0,2.0,2.0,2.0,0.0,0.0,1.0,3.0,1.0,0.0
465,1.0,1.0,33.0,4000000.0,1580000.0,0.0,0,0.0,0.0,2.0,9.0,3.0,2.0,0.0,1.0,0.0,1.0,15.0,0.0,0.0
466,0.0,1.0,44.0,3600000.0,4880000.0,1760000.0,0,0.0,0.49,3.0,2.0,2.0,1.0,0.0,1.0,0.0,1.0,6.0,0.0,1.0
467,0.0,1.0,35.0,4010000.0,1840000.0,1600000.0,0,0.0,0.4,3.0,4.0,3.0,1.0,3.0,0.0,0.0,1.0,11.0,0.0,0.0
468,1.0,1.0,31.0,4410000.0,1640000.0,590000.0,0,0.0,0.13,1.0,3.0,5.0,4.0,1.0,1.0,0.0,0.0,6.0,0.0,1.0
469,1.0,1.0,40.0,4020000.0,2170000.0,0.0,0,0.0,0.0,3.0,2.0,2.0,1.0,0.0,1.0,0.0,1.0,18.0,1.0,0.0
470,0.0,1.0,61.0,250000.0,510000.0,0.0,0,0.0,0.0,5.0,7.0,1.0,4.0,1.0,0.0,0.0,0.0,17.0,0.0,1.0
471,0.0,0.0,64.0,4250000.0,370000.0,0.0,0,0.0,0.0,3.0,2.0,2.0,2.0,2.0,1.0,0.0,0.0,1.0,1.0,1.0
472,0.0,1.0,46.0,3450000.0,910000.0,0.0,0,0.0,0.0,3.0,2.0,2.0,1.0,0.0,1.0,0.0,1.0,1.0,1.0,1.0
473,1.0,1.0,30.0,3970000.0,2430000.0,0.0,0,0.0,0.0,2.0,5.0,2.0,1.0,2.0,1.0,0.0,1.0,10.0,1.0,1.0
474,0.0,1.0,56.0,390000.0,2170000.0,160000.0,0,0.0,0.41,5.0,7.0,1.0,2.0,0.0,0.0,0.0,0.0,23.0,1.0,1.0
475,0.0,0.0,27.0,6890000.0,400000.0,3020000.0,0,0.0,0.44,1.0,3.0,5.0,2.0,0.0,1.0,0.0,0.0,2.0,1.0,0.0
476,0.0,0.0,60.0,4240000.0,1720000.0,0.0,0,0.0,0.0,3.0,2.0,2.0,4.0,3.0,1.0,0.0,0.0,2.0,0.0,1.0
477,1.0,1.0,49.0,3140000.0,1410000.0,0.0,0,0.0,0.0,2.0,5.0,2.0,2.0,2.0,1.0,0.0,1.0,23.0,0.0,1.0
478,0.0,1.0,60.0,3200000.0,3610000.0,0.0,0,0.0,0.0,2.0,5.0,2.0,3.0,3.0,1.0,0.0,1.0,4.0,0.0,0.0
479,1.0,1.0,44.0,2920000.0,540000.0,1130000.0,0,0.0,0.39,4.0,1.0,7.0,2.0,2.0,0.0,0.0,1.0,9.0,0.0,0.0
480,1.0,1.0,28.0,3990000.0,3710000.0,0.0,0,0.0,0.0,3.0,4.0,3.0,3.0,0.0,1.0,0.0,0.0,1.0,0.0,0.0
481,0.0,1.0,30.0,3650000.0,3200000.0,700000.0,0,0.0,0.19,4.0,1.0,7.0,2.0,1.0,0.0,0.0,1.0,11.0,0.0,1.0
482,1.0,0.0,41.0,3400000.0,2170000.0,0.0,0,0.0,0.0,4.0,1.0,7.0,2.0,3.0,0.0,0.0,0.0,6.0,0.0,0.0
483,0.0,1.0,57.0,3890000.0,3040000.0,1570000.0,0,0.0,0.4,2.0,5.0,2.0,1.0,3.0,1.0,0.0,1.0,26.0,0.0,0.0
484,1.0,0.0,60.0,4810000.0,3670000.0,0.0,0,0.0,0.0,1.0,10.0,4.0,2.0,1.0,1.0,1.0,0.0,36.0,0.0,0.0
485,1.0,1.0,26.0,2960000.0,910000.0,1000000.0,0,0.0,0.34,4.0,1.0,7.0,4.0,3.0,0.0,0.0,1.0,4.0,1.0,1.0
486,1.0,0.0,44.0,3180000.0,4940000.0,710000.0,0,0.0,0.22,3.0,2.0,2.0,3.0,1.0,1.0,0.0,0.0,6.0,0.0,0.0
487,0.0,1.0,64.0,6550000.0,450000.0,380000.0,0,0.0,0.06,3.0,0.0,0.0,4.0,3.0,0.0,0.0,0.0,21.0,1.0,1.0
488,0.0,1.0,30.0,3550000.0,3250000.0,0.0,0,0.0,0.0,4.0,1.0,7.0,2.0,0.0,1.0,0.0,0.0,0.0,0.0,0.0
489,1.0,0.0,43.0,2800000.0,2240000.0,0.0,0,0.0,0.0,4.0,1.0,7.0,1.0,2.0,1.0,0.0,0.0,15.0,1.0,0.0
490,1.0,0.0,38.0,4100000.0,3260000.0,0.0,0,0.0,0.0,3.0,4.0,3.0,4.0,0.0,0.0,0.0,1.0,0.0,0.0,0.0
491,1.0,0.0,56.0,6870000.0,4770000.0,0.0,0,0.0,0.0,1.0,3.0,5.0,3.0,0.0,1.0,0.0,1.0,33.0,0.0,1.0
492,0.0,1.0,45.0,3640000.0,780000.0,870000.0,0,0.0,0.24,2.0,5.0,2.0,4.0,3.0,0.0,0.0,1.0,23.0,0.0,0.0
493,1.0,1.0,37.0,2650000.0,3690000.0,1200000.0,0,0.0,0.45,2.0,8.0,6.0,2.0,0.0,1.0,0.0,0.0,11.0,1.0,0.0
494,1.0,1.0,36.0,2240000.0,3610000.0,0.0,0,0.0,0.0,4.0,6.0,2.0,1.0,3.0,0.0,0.0,1.0,8.0,1.0,1.0
495,1.0,1.0,65.0,5940000.0,2120000.0,720000.0,0,0.0,0.12,1.0,3.0,5.0,3.0,1.0,0.0,0.0,1.0,8.0,0.0,1.0
496,1.0,1.0,25.0,5370000.0,510000.0,0.0,0,0.0,0.0,1.0,10.0,4.0,1.0,2.0,0.0,0.0,0.0,2.0,1.0,0.0
497,1.0,1.0,62.0,2820000.0,600000.0,690000.0,0,0.0,0.24,4.0,1.0,7.0,4.0,3.0,1.0,0.0,0.0,37.0,1.0,1.0
498,1.0,0.0,53.0,4590000.0,4450000.0,0.0,0,0.0,0.0,3.0,2.0,2.0,1.0,1.0,0.0,0.0,0.0,5.0,0.0,1.0
499,0.0,1.0,44.0,3780000.0,2850000.0,460000.0,0,0.0,0.12,3.0,2.0,2.0,3.0,0.0,0.0,0.0,0.0,21.0,0.0,0.0
500,0.0,1.0,65.0,3070000.0,1900000.0,670000.0,0,0.0,0.22,2.0,9.0,3.0,1.0,2.0,0.0,0.0,1.0,40.0,1.0,0.0
501,1.0,1.0,58.0,6540000.0,2930000.0,2970000.0,0,0.0,0.45,1.0,10.0,4.0,2.0,1.0,1.0,0.0,0.0,39.0,0.0,0.0
502,1.0,1.0,42.0,5450000.0,4820000.0,1170000.0,0,0.0,0.21,1.0,3.0,5.0,4.0,0.0,0.0,0.0,1.0,14.0,0.0,1.0
503,1.0,1.0,56.0,4440000.0,1730000.0,1540000.0,0,0.0,0.35,3.0,2.0,2.0,4.0,3.0,0.0,0.0,1.0,9.0,1.0,1.0
504,0.0,0.0,57.0,3670000.0,1780000.0,530000.0,0,0.0,0.14,2.0,9.0,3.0,4.0,3.0,0.0,0.0,0.0,2.0,0.0,1.0
505,1.0,1.0,49.0,6870000.0,2660000.0,2780000.0,0,0.0,0.4,1.0,10.0,4.0,2.0,3.0,0.0,0.0,1.0,13.0,0.0,1.0
506,0.0,0.0,29.0,4650000.0,1350000.0,0.0,0,0.0,0.0,1.0,3.0,5.0,2.0,0.0,1.0,0.0,1.0,6.0,0.0,0.0
507,0.0,1.0,54.0,6560000.0,390000.0,0.0,0,0.0,0.0,3.0,0.0,0.0,2.0,3.0,1.0,0.0,1.0,36.0,1.0,0.0
508,0.0,1.0,40.0,2830000.0,2300000.0,0.0,1,0.0,0.0,4.0,1.0,7.0,2.0,2.0,0.0,0.0,1.0,11.0,1.0,0.0
509,0.0,0.0,39.0,2870000.0,1610000.0,260000.0,0,0.0,0.09,2.0,8.0,6.0,3.0,2.0,0.0,0.0,1.0,15.0,0.0,0.0
510,1.0,0.0,64.0,5100000.0,3710000.0,0.0,0,0.0,0.0,1.0,10.0,4.0,1.0,0.0,0.0,0.0,0.0,19.0,0.0,0.0
511,1.0,0.0,25.0,2570000.0,4020000.0,540000.0,0,0.0,0.21,2.0,8.0,6.0,3.0,3.0,0.0,0.0,1.0,6.0,0.0,1.0
512,1.0,0.0,48.0,2760000.0,1710000.0,0.0,1,0.0,0.0,4.0,1.0,7.0,3.0,1.0,0.0,0.0,1.0,18.0,0.0,0.0
513,1.0,1.0,32.0,4440000.0,1890000.0,0.0,1,1.0,0.0,3.0,4.0,3.0,3.0,3.0,0.0,0.0,1.0,12.0,1.0,1.0
514,1.0,0.0,47.0,2940000.0,2300000.0,1460000.0,0,0.0,0.5,2.0,8.0,6.0,2.0,2.0,0.0,0.0,1.0,29.0,0.0,0.0
515,0.0,1.0,40.0,2840000.0,4680000.0,1110000.0,0,0.0,0.39,4.0,1.0,7.0,4.0,3.0,1.0,0.0,1.0,7.0,1.0,0.0
516,0.0,1.0,42.0,3880000.0,3580000.0,0.0,0,0.0,0.0,4.0,1.0,7.0,3.0,3.0,1.0,0.0,1.0,14.0,0.0,0.0
517,0.0,0.0,50.0,3540000.0,3120000.0,0.0,0,0.0,0.0,4.0,1.0,7.0,3.0,2.0,1.0,0.0,1.0,24.0,1.0,0.0
518,1.0,1.0,37.0,4920000.0,1440000.0,0.0,0,0.0,0.0,3.0,4.0,3.0,2.0,3.0,1.0,0.0,1.0,12.0,1.0,1.0
519,0.0,1.0,47.0,5910000.0,650000.0,720000.0,0,0.0,0.12,3.0,0.0,0.0,4.0,0.0,0.0,0.0,1.0,20.0,0.0,0.0
520,1.0,0.0,65.0,6890000.0,1020000.0,0.0,0,0.0,0.0,1.0,3.0,5.0,3.0,0.0,0.0,0.0,0.0,43.0,0.0,1.0
521,0.0,1.0,57.0,3630000.0,4660000.0,1770000.0,0,0.0,0.49,2.0,5.0,2.0,2.0,1.0,0.0,0.0,1.0,6.0,0.0,1.0
522,1.0,0.0,51.0,3100000.0,1220000.0,1100000.0,0,0.0,0.35,4.0,1.0,7.0,1.0,1.0,0.0,0.0,1.0,31.0,0.0,0.0
523,0.0,1.0,32.0,2580000.0,3900000.0,0.0,0,1.0,0.0,2.0,5.0,2.0,2.0,2.0,0.0,0.0,0.0,2.0,0.0,0.0
524,1.0,1.0,26.0,4000000.0,450000.0,760000.0,0,0.0,0.19,4.0,1.0,7.0,1.0,1.0,1.0,0.0,1.0,0.0,0.0,1.0
525,1.0,0.0,61.0,3260000.0,4550000.0,470000.0,0,0.0,0.14,2.0,9.0,3.0,4.0,3.0,1.0,0.0,1.0,2.0,1.0,0.0
526,0.0,0.0,30.0,2800000.0,4890000.0,0.0,0,0.0,0.0,4.0,1.0,7.0,1.0,1.0,1.0,0.0,1.0,6.0,0.0,1.0
527,1.0,1.0,38.0,2900000.0,4460000.0,370000.0,1,0.0,0.13,2.0,8.0,6.0,4.0,0.0,1.0,0.0,0.0,7.0,0.0,1.0
528,0.0,1.0,29.0,3410000.0,1510000.0,1300000.0,0,0.0,0.38,2.0,8.0,6.0,1.0,2.0,1.0,0.0,1.0,5.0,1.0,1.0
529,1.0,0.0,52.0,4460000.0,3600000.0,0.0,1,1.0,0.0,2.0,5.0,2.0,1.0,2.0,0.0,0.0,1.0,4.0,1.0,1.0
530,0.0,1.0,50.0,4700000.0,1280000.0,1100000.0,0,0.0,0.23,2.0,5.0,2.0,1.0,3.0,0.0,0.0,0.0,9.0,0.0,1.0
531,0.0,1.0,37.0,4740000.0,680000.0,1620000.0,0,0.0,0.34,2.0,8.0,6.0,3.0,3.0,0.0,0.0,1.0,7.0,0.0,0.0
532,1.0,1.0,27.0,2880000.0,3840000.0,640000.0,0,0.0,0.22,2.0,8.0,6.0,1.0,2.0,0.0,0.0,1.0,2.0,1.0,1.0
533,0.0,1.0,60.0,3870000.0,2540000.0,1590000.0,0,0.0,0.41,2.0,9.0,3.0,2.0,2.0,1.0,0.0,0.0,15.0,0.0,1.0
534,1.0,1.0,52.0,3590000.0,3550000.0,0.0,0,0.0,0.0,2.0,8.0,6.0,1.0,2.0,1.0,0.0,0.0,24.0,0.0,0.0
535,1.0,1.0,51.0,5970000.0,2040000.0,1260000.0,0,0.0,0.21,1.0,10.0,4.0,2.0,2.0,1.0,0.0,0.0,28.0,1.0,0.0
536,0.0,1.0,39.0,6160000.0,4250000.0,0.0,0,0.0,0.0,1.0,3.0,5.0,3.0,3.0,1.0,0.0,1.0,0.0,0.0,1.0
537,1.0,1.0,62.0,3680000.0,4400000.0,1430000.0,0,0.0,0.39,2.0,8.0,6.0,1.0,0.0,1.0,0.0,1.0,28.0,0.0,0.0
538,1.0,0.0,40.0,2700000.0,2840000.0,800000.0,0,0.0,0.3,4.0,1.0,7.0,4.0,0.0,0.0,0.0,0.0,2.0,1.0,0.0
539,0.0,1.0,32.0,4380000.0,2870000.0,2120000.0,1,1.0,0.48,3.0,2.0,2.0,4.0,1.0,0.0,0.0,0.0,3.0,0.0,0.0
540,1.0,1.0,29.0,6480000.0,1080000.0,350000.0,0,0.0,0.05,1.0,10.0,4.0,1.0,2.0,0.0,0.0,0.0,3.0,0.0,0.0
541,1.0,1.0,53.0,4280000.0,4470000.0,1210000.0,0,0.0,0.28,1.0,10.0,4.0,2.0,2.0,0.0,0.0,0.0,17.0,0.0,1.0
542,0.0,1.0,28.0,5190000.0,1210000.0,2100000.0,0,0.0,0.4,3.0,0.0,0.0,2.0,3.0,0.0,0.0,1.0,0.0,0.0,1.0
543,0.0,1.0,63.0,5810000.0,3890000.0,680000.0,1,1.0,0.12,3.0,0.0,0.0,1.0,1.0,0.0,0.0,1.0,28.0,0.0,1.0
544,0.0,1.0,53.0,3230000.0,1620000.0,0.0,0,0.0,0.0,3.0,4.0,3.0,4.0,3.0,1.0,0.0,1.0,6.0,0.0,0.0
545,1.0,1.0,30.0,4040000.0,690000.0,0.0,0,0.0,0.0,3.0,4.0,3.0,3.0,1.0,0.0,0.0,1.0,11.0,1.0,1.0
546,1.0,0.0,52.0,2680000.0,1290000.0,210000.0,0,0.0,0.08,2.0,8.0,6.0,2.0,3.0,0.0,0.0,0.0,6.0,0.0,1.0
547,0.0,0.0,45.0,4940000.0,1850000.0,510000.0,0,0.0,0.1,2.0,5.0,2.0,2.0,1.0,0.0,0.0,0.0,9.0,0.0,1.0
548,0.0,0.0,47.0,7300000.0,2320000.0,0.0,0,0.0,0.0,3.0,0.0,0.0,3.0,0.0,1.0,0.0,0.0,4.0,0.0,1.0
549,0.0,1.0,57.0,6310000.0,1190000.0,0.0,0,0.0,0.0,1.0,10.0,4.0,3.0,0.0,1.0,0.0,1.0,29.0,1.0,0.0
550,0.0,1.0,57.0,5510000.0,3870000.0,2670000.0,0,0.0,0.48,3.0,0.0,0.0,1.0,2.0,1.0,0.0,0.0,32.0,1.0,0.0
551,1.0,1.0,59.0,2550000.0,1610000.0,0.0,0,0.0,0.0,2.0,5.0,2.0,3.0,1.0,0.0,0.0,1.0,33.0,1.0,0.0
552,1.0,1.0,43.0,3910000.0,2530000.0,0.0,0,0.0,0.0,3.0,4.0,3.0,1.0,2.0,0.0,0.0,1.0,22.0,0.0,0.0
553,1.0,0.0,44.0,2660000.0,2700000.0,1090000.0,0,0.0,0.41,2.0,5.0,2.0,4.0,1.0,1.0,0.0,1.0,6.0,0.0,0.0
554,1.0,0.0,35.0,4380000.0,3640000.0,1590000.0,0,0.0,0.36,2.0,9.0,3.0,1.0,0.0,1.0,0.0,0.0,13.0,1.0,0.0
555,1.0,1.0,31.0,6780000.0,4120000.0,0.0,0,0.0,0.0,1.0,10.0,4.0,1.0,2.0,0.0,0.0,0.0,10.0,1.0,1.0
556,1.0,1.0,36.0,3780000.0,2850000.0,0.0,0,0.0,0.0,2.0,8.0,6.0,4.0,3.0,1.0,0.0,0.0,1.0,0.0,0.0
557,1.0,1.0,39.0,6790000.0,3550000.0,0.0,0,0.0,0.0,1.0,3.0,5.0,3.0,1.0,1.0,0.0,0.0,5.0,1.0,1.0
558,1.0,0.0,28.0,2230000.0,940000.0,0.0,0,0.0,0.0,4.0,1.0,7.0,3.0,2.0,0.0,0.0,0.0,3.0,1.0,0.0
559,0.0,1.0,28.0,2780000.0,4110000.0,490000.0,0,0.0,0.18,4.0,1.0,7.0,1.0,0.0,0.0,0.0,0.0,8.0,1.0,1.0
560,0.0,1.0,60.0,4370000.0,1060000.0,920000.0,0,0.0,0.21,1.0,10.0,4.0,3.0,3.0,1.0,0.0,1.0,42.0,0.0,0.0
561,0.0,1.0,62.0,3330000.0,1630000.0,0.0,0,0.0,0.0,3.0,4.0,3.0,3.0,0.0,1.0,0.0,1.0,15.0,1.0,1.0
562,1.0,1.0,52.0,3170000.0,2990000.0,1200000.0,0,0.0,0.38,3.0,2.0,2.0,2.0,3.0,1.0,0.0,1.0,15.0,1.0,1.0
563,1.0,0.0,50.0,4420000.0,3130000.0,1260000.0,0,0.0,0.29,2.0,5.0,2.0,3.0,1.0,1.0,0.0,0.0,14.0,0.0,1.0
564,0.0,0.0,27.0,3450000.0,700000.0,520000.0,0,0.0,0.15,2.0,8.0,6.0,4.0,2.0,0.0,0.0,1.0,3.0,0.0,0.0
565,1.0,1.0,35.0,2500000.0,2340000.0,0.0,0,0.0,0.0,3.0,2.0,2.0,1.0,1.0,0.0,0.0,1.0,13.0,0.0,0.0
566,0.0,1.0,37.0,4090000.0,2040000.0,0.0,0,0.0,0.0,1.0,10.0,4.0,4.0,0.0,0.0,0.0,0.0,13.0,1.0,1.0
567,1.0,0.0,63.0,4150000.0,3650000.0,0.0,0,0.0,0.0,1.0,3.0,5.0,1.0,2.0,0.0,0.0,0.0,26.0,0.0,1.0
568,0.0,1.0,65.0,4710000.0,3620000.0,0.0,0,0.0,0.0,1.0,3.0,5.0,4.0,1.0,0.0,0.0,1.0,3.0,0.0,0.0
569,0.0,1.0,29.0,3240000.0,1280000.0,1270000.0,0,0.0,0.39,2.0,5.0,2.0,1.0,1.0,1.0,0.0,0.0,8.0,1.0,1.0
570,1.0,1.0,25.0,4770000.0,3320000.0,0.0,0,0.0,0.0,1.0,10.0,4.0,4.0,1.0,1.0,0.0,1.0,6.0,0.0,0.0
571,0.0,1.0,50.0,3670000.0,890000.0,0.0,0,0.0,0.0,2.0,5.0,2.0,4.0,3.0,0.0,0.0,1.0,20.0,0.0,0.0
572,0.0,1.0,55.0,3510000.0,420000.0,0.0,0,0.0,0.0,2.0,8.0,6.0,4.0,3.0,0.0,0.0,0.0,34.0,0.0,1.0
573,0.0,1.0,61.0,2560000.0,4700000.0,0.0,0,0.0,0.0,3.0,2.0,2.0,4.0,1.0,1.0,0.0,0.0,17.0,0.0,0.0
574,1.0,1.0,53.0,3000000.0,1180000.0,1050000.0,0,0.0,0.35,2.0,5.0,2.0,4.0,3.0,1.0,0.0,0.0,21.0,0.0,1.0
575,1.0,1.0,49.0,7140000.0,4310000.0,0.0,0,0.0,0.0,3.0,0.0,0.0,1.0,0.0,0.0,0.0,1.0,15.0,0.0,0.0
576,0.0,0.0,29.0,4010000.0,2560000.0,0.0,1,0.0,0.0,3.0,4.0,3.0,2.0,1.0,0.0,0.0,1.0,0.0,1.0,1.0
577,0.0,1.0,35.0,3770000.0,2550000.0,0.0,0,0.0,0.0,2.0,8.0,6.0,1.0,1.0,0.0,0.0,0.0,4.0,1.0,0.0
578,1.0,1.0,28.0,4770000.0,3140000.0,0.0,0,0.0,0.0,1.0,3.0,5.0,2.0,2.0,0.0,0.0,0.0,6.0,1.0,1.0
579,0.0,0.0,28.0,3380000.0,4780000.0,520000.0,0,0.0,0.15,2.0,5.0,2.0,3.0,0.0,0.0,0.0,0.0,2.0,0.0,1.0
580,0.0,0.0,60.0,2990000.0,1320000.0,540000.0,0,0.0,0.18,4.0,1.0,7.0,2.0,0.0,1.0,0.0,1.0,19.0,0.0,0.0
581,1.0,1.0,25.0,3760000.0,3510000.0,1440000.0,0,0.0,0.38,3.0,2.0,2.0,4.0,3.0,1.0,0.0,1.0,5.0,0.0,0.0
582,1.0,0.0,30.0,2930000.0,670000.0,0.0,1,0.0,0.0,2.0,5.0,2.0,4.0,3.0,1.0,0.0,1.0,2.0,1.0,1.0
583,1.0,1.0,50.0,2780000.0,1760000.0,0.0,0,0.0,0.0,3.0,2.0,2.0,2.0,0.0,0.0,0.0,1.0,27.0,0.0,1.0
584,0.0,1.0,44.0,2940000.0,2270000.0,1310000.0,0,0.0,0.45,3.0,2.0,2.0,2.0,3.0,1.0,0.0,1.0,12.0,1.0,1.0
585,1.0,1.0,36.0,7400000.0,4880000.0,2540000.0,0,0.0,0.34,3.0,0.0,0.0,1.0,1.0,0.0,0.0,1.0,18.0,0.0,0.0
586,1.0,0.0,61.0,4010000.0,1760000.0,1750000.0,0,0.0,0.44,3.0,2.0,2.0,1.0,0.0,1.0,0.0,1.0,29.0,1.0,1.0
587,0.0,1.0,48.0,6710000.0,4880000.0,2520000.0,0,0.0,0.38,1.0,10.0,4.0,4.0,3.0,0.0,0.0,1.0,7.0,1.0,1.0
588,0.0,1.0,46.0,3300000.0,2330000.0,570000.0,0,0.0,0.17,4.0,1.0,7.0,4.0,3.0,0.0,0.0,1.0,8.0,1.0,0.0
589,0.0,1.0,61.0,3710000.0,2820000.0,420000.0,0,0.0,0.11,2.0,8.0,6.0,3.0,0.0,1.0,0.0,1.0,34.0,1.0,0.0
590,1.0,1.0,53.0,3190000.0,1160000.0,350000.0,0,0.0,0.11,2.0,9.0,3.0,2.0,0.0,1.0,0.0,0.0,21.0,0.0,1.0
591,0.0,1.0,47.0,4590000.0,4310000.0,1200000.0,0,0.0,0.26,3.0,2.0,2.0,1.0,1.0,1.0,0.0,0.0,19.0,1.0,0.0
592,1.0,0.0,35.0,4050000.0,370000.0,0.0,0,0.0,0.0,2.0,8.0,6.0,4.0,3.0,0.0,0.0,1.0,3.0,0.0,1.0
593,1.0,0.0,40.0,6730000.0,2150000.0,1600000.0,0,0.0,0.24,1.0,3.0,5.0,4.0,1.0,1.0,0.0,1.0,5.0,1.0,0.0
594,0.0,1.0,54.0,4890000.0,1970000.0,300000.0,0,0.0,0.06,1.0,10.0,4.0,3.0,0.0,1.0,0.0,1.0,36.0,0.0,0.0
595,1.0,1.0,49.0,3050000.0,4300000.0,660000.0,0,0.0,0.22,2.0,9.0,3.0,4.0,3.0,0.0,0.0,1.0,23.0,1.0,0.0
596,1.0,1.0,26.0,4160000.0,3090000.0,0.0,0,0.0,0.0,2.0,5.0,2.0,2.0,1.0,1.0,0.0,1.0,0.0,1.0,1.0
597,1.0,1.0,56.0,4150000.0,1760000.0,0.0,0,0.0,0.0,1.0,3.0,5.0,3.0,3.0,0.0,0.0,0.0,6.0,0.0,0.0
598,0.0,0.0,55.0,3130000.0,4430000.0,0.0,0,0.0,0.0,4.0,1.0,7.0,1.0,1.0,0.0,0.0,1.0,3.0,0.0,1.0
599,1.0,0.0,47.0,2880000.0,2400000.0,0.0,0,0.0,0.0,2.0,5.0,2.0,4.0,2.0,1.0,0.0,0.0,18.0,0.0,1.0
600,0.0,1.0,40.0,4260000.0,2150000.0,1420000.0,0,0.0,0.33,3.0,2.0,2.0,1.0,2.0,0.0,0.0,0.0,2.0,1.0,1.0
601,1.0,1.0,26.0,2800000.0,760000.0,220000.0,0,0.0,0.08,2.0,9.0,3.0,4.0,3.0,0.0,0.0,0.0,2.0,0.0,1.0
602,0.0,1.0,39.0,3010000.0,1650000.0,270000.0,0,0.0,0.09,4.0,1.0,7.0,3.0,3.0,0.0,0.0,0.0,5.0,0.0,0.0
603,1.0,1.0,58.0,3650000.0,2890000.0,0.0,0,0.0,0.0,3.0,4.0,3.0,4.0,0.0,0.0,1.0,1.0,13.0,0.0,0.0
604,0.0,1.0,27.0,4820000.0,330000.0,630000.0,0,0.0,0.13,2.0,8.0,6.0,3.0,1.0,0.0,0.0,1.0,4.0,1.0,0.0
605,0.0,1.0,50.0,4540000.0,2180000.0,680000.0,0,0.0,0.15,1.0,10.0,4.0,2.0,2.0,1.0,0.0,0.0,10.0,1.0,1.0
606,1.0,1.0,33.0,7820000.0,1910000.0,3130000.0,0,0.0,0.4,3.0,0.0,0.0,2.0,1.0,0.0,0.0,1.0,15.0,1.0,1.0
607,1.0,0.0,43.0,3000000.0,680000.0,600000.0,0,0.0,0.2,3.0,4.0,3.0,3.0,2.0,1.0,0.0,1.0,19.0,1.0,1.0
608,1.0,1.0,43.0,2900000.0,2340000.0,300000.0,0,0.0,0.1,4.0,1.0,7.0,2.0,0.0,0.0,1.0,0.0,8.0,0.0,1.0
609,0.0,1.0,47.0,2730000.0,370000.0,0.0,0,0.0,0.0,2.0,5.0,2.0,2.0,3.0,0.0,0.0,1.0,24.0,1.0,0.0
610,1.0,1.0,33.0,3310000.0,4910000.0,0.0,0,0.0,0.0,4.0,1.0,7.0,4.0,2.0,1.0,0.0,1.0,1.0,1.0,0.0
611,1.0,0.0,35.0,5790000.0,4690000.0,0.0,0,0.0,0.0,1.0,10.0,4.0,4.0,3.0,1.0,0.0,0.0,3.0,0.0,1.0
612,1.0,1.0,25.0,5120000.0,1130000.0,0.0,0,0.0,0.0,1.0,3.0,5.0,4.0,3.0,1.0,0.0,0.0,3.0,0.0,1.0
613,1.0,1.0,31.0,2990000.0,1930000.0,900000.0,0,0.0,0.3,4.0,1.0,7.0,1.0,2.0,0.0,0.0,0.0,4.0,0.0,0.0
614,0.0,1.0,48.0,4600000.0,480000.0,0.0,0,0.0,0.0,2.0,9.0,3.0,3.0,1.0,1.0,0.0,1.0,5.0,0.0,0.0
615,1.0,1.0,56.0,2870000.0,2580000.0,380000.0,0,0.0,0.13,3.0,2.0,2.0,1.0,3.0,1.0,0.0,0.0,7.0,0.0,0.0
616,0.0,1.0,42.0,5640000.0,510000.0,0.0,0,0.0,0.0,1.0,10.0,4.0,2.0,2.0,1.0,0.0,1.0,3.0,1.0,1.0
617,0.0,1.0,27.0,3080000.0,4450000.0,610000.0,0,0.0,0.2,2.0,9.0,3.0,3.0,2.0,1.0,0.0,1.0,2.0,0.0,0.0
618,1.0,0.0,36.0,2700000.0,3170000.0,0.0,0,0.0,0.0,4.0,1.0,7.0,2.0,0.0,0.0,0.0,0.0,8.0,0.0,1.0
619,0.0,0.0,53.0,4400000.0,3230000.0,1010000.0,0,0.0,0.23,2.0,8.0,6.0,4.0,0.0,1.0,1.0,1.0,18.0,1.0,1.0
620,0.0,1.0,55.0,2860000.0,3650000.0,1150000.0,0,0.0,0.4,3.0,2.0,2.0,2.0,1.0,1.0,0.0,0.0,3.0,1.0,0.0
621,0.0,1.0,44.0,4580000.0,3430000.0,0.0,0,0.0,0.0,2.0,5.0,2.0,2.0,0.0,0.0,0.0,1.0,1.0,1.0,0.0
622,0.0,0.0,52.0,4660000.0,2100000.0,1950000.0,0,0.0,0.42,3.0,0.0,0.0,4.0,3.0,0.0,0.0,0.0,8.0,1.0,0.0
623,1.0,1.0,25.0,3790000.0,1350000.0,0.0,0,0.0,0.0,2.0,8.0,6.0,1.0,2.0,0.0,0.0,0.0,2.0,1.0,0.0
624,0.0,1.0,54.0,2590000.0,640000.0,810000.0,1,0.0,0.31,4.0,1.0,7.0,3.0,1.0,0.0,0.0,1.0,17.0,1.0,1.0
625,1.0,0.0,36.0,4760000.0,2260000.0,840000.0,0,0.0,0.18,1.0,3.0,5.0,3.0,1.0,0.0,0.0,0.0,11.0,1.0,0.0
626,1.0,1.0,51.0,4400000.0,4900000.0,1500000.0,0,0.0,0.34,1.0,3.0,5.0,1.0,1.0,0.0,0.0,1.0,24.0,1.0,0.0
627,0.0,0.0,36.0,4460000.0,3510000.0,1190000.0,0,0.0,0.27,1.0,3.0,5.0,3.0,1.0,1.0,0.0,1.0,16.0,0.0,0.0
628,1.0,0.0,39.0,3830000.0,4040000.0,870000.0,0,0.0,0.23,2.0,9.0,3.0,3.0,0.0,0.0,0.0,1.0,17.0,1.0,0.0
629,1.0,1.0,29.0,6920000.0,1850000.0,2980000.0,0,0.0,0.43,1.0,10.0,4.0,4.0,0.0,1.0,0.0,1.0,0.0,1.0,1.0
630,0.0,1.0,33.0,3130000.0,1980000.0,0.0,0,0.0,0.0,2.0,8.0,6.0,2.0,3.0,1.0,1.0,1.0,15.0,0.0,0.0
631,1.0,1.0,38.0,4830000.0,4780000.0,510000.0,0,0.0,0.11,2.0,8.0,6.0,2.0,1.0,0.0,0.0,0.0,10.0,1.0,1.0
632,1.0,1.0,60.0,4760000.0,3440000.0,1210000.0,0,0.0,0.25,1.0,3.0,5.0,2.0,2.0,1.0,0.0,1.0,5.0,1.0,1.0
633,0.0,1.0,32.0,2500000.0,3640000.0,760000.0,0,0.0,0.3,2.0,5.0,2.0,1.0,1.0,0.0,0.0,0.0,14.0,1.0,0.0
634,0.0,1.0,28.0,3740000.0,2360000.0,1810000.0,0,0.0,0.48,3.0,2.0,2.0,2.0,1.0,1.0,0.0,1.0,5.0,0.0,0.0
635,0.0,1.0,46.0,6560000.0,530000.0,470000.0,0,0.0,0.07,1.0,10.0,4.0,1.0,2.0,0.0,0.0,1.0,8.0,1.0,1.0
636,0.0,1.0,37.0,2970000.0,4980000.0,0.0,0,0.0,0.0,2.0,5.0,2.0,2.0,1.0,1.0,0.0,1.0,16.0,1.0,0.0
637,0.0,0.0,45.0,4910000.0,4430000.0,0.0,0,0.0,0.0,3.0,0.0,0.0,3.0,2.0,1.0,0.0,1.0,13.0,1.0,1.0
638,1.0,0.0,46.0,4290000.0,3150000.0,1520000.0,0,0.0,0.35,1.0,10.0,4.0,2.0,3.0,0.0,0.0,1.0,10.0,0.0,1.0
639,1.0,1.0,28.0,4200000.0,4610000.0,1750000.0,0,0.0,0.42,3.0,4.0,3.0,2.0,1.0,1.0,0.0,0.0,4.0,0.0,1.0
640,0.0,1.0,34.0,4430000.0,3750000.0,620000.0,0,0.0,0.14,3.0,0.0,0.0,1.0,1.0,1.0,0.0,1.0,4.0,0.0,1.0
641,1.0,1.0,60.0,4870000.0,4890000.0,550000.0,0,0.0,0.11,2.0,9.0,3.0,2.0,0.0,1.0,0.0,1.0,23.0,1.0,1.0
642,0.0,0.0,57.0,4120000.0,2080000.0,0.0,0,0.0,0.0,3.0,2.0,2.0,3.0,3.0,1.0,0.0,0.0,0.0,0.0,0.0
643,0.0,1.0,53.0,2530000.0,4110000.0,590000.0,0,0.0,0.23,2.0,8.0,6.0,4.0,3.0,1.0,0.0,1.0,32.0,1.0,0.0
644,0.0,1.0,37.0,6130000.0,4640000.0,1100000.0,0,0.0,0.18,1.0,10.0,4.0,3.0,1.0,1.0,0.0,0.0,7.0,0.0,0.0
645,1.0,1.0,45.0,5510000.0,1250000.0,0.0,0,0.0,0.0,1.0,3.0,5.0,4.0,3.0,1.0,0.0,0.0,14.0,1.0,1.0
646,1.0,0.0,28.0,4960000.0,4720000.0,0.0,0,0.0,0.0,1.0,10.0,4.0,2.0,3.0,1.0,0.0,0.0,1.0,0.0,0.0
647,0.0,1.0,37.0,5710000.0,3840000.0,880000.0,0,0.0,0.15,1.0,10.0,4.0,4.0,3.0,1.0,0.0,1.0,0.0,0.0,0.0
648,0.0,1.0,51.0,4060000.0,360000.0,1670000.0,0,0.0,0.41,3.0,2.0,2.0,4.0,0.0,1.0,0.0,1.0,21.0,0.0,1.0
649,1.0,0.0,43.0,5120000.0,2410000.0,0.0,0,0.0,0.0,1.0,10.0,4.0,4.0,1.0,1.0,0.0,1.0,7.0,0.0,1.0
650,0.0,1.0,60.0,2500000.0,4960000.0,870000.0,0,0.0,0.35,4.0,1.0,7.0,4.0,2.0,0.0,0.0,0.0,35.0,0.0,0.0
651,0.0,1.0,52.0,2590000.0,4110000.0,0.0,0,0.0,0.0,3.0,2.0,2.0,4.0,3.0,1.0,0.0,0.0,10.0,1.0,0.0
652,0.0,1.0,47.0,4510000.0,570000.0,1270000.0,0,0.0,0.28,1.0,10.0,4.0,1.0,1.0,0.0,0.0,1.0,27.0,1.0,1.0
653,1.0,1.0,57.0,3360000.0,4640000.0,1550000.0,1,0.0,0.46,3.0,4.0,3.0,1.0,1.0,0.0,0.0,0.0,14.0,1.0,1.0
654,0.0,1.0,63.0,3410000.0,2360000.0,0.0,0,0.0,0.0,4.0,1.0,7.0,4.0,2.0,0.0,0.0,1.0,33.0,1.0,0.0
655,1.0,1.0,42.0,7740000.0,2180000.0,0.0,0,0.0,0.0,3.0,0.0,0.0,1.0,0.0,0.0,0.0,0.0,16.0,0.0,1.0
656,0.0,1.0,52.0,3160000.0,2600000.0,0.0,0,0.0,0.0,3.0,2.0,2.0,1.0,1.0,0.0,0.0,0.0,18.0,1.0,1.0
657,1.0,1.0,28.0,4840000.0,3100000.0,1710000.0,0,0.0,0.35,2.0,8.0,6.0,4.0,3.0,0.0,0.0,1.0,4.0,0.0,0.0
658,0.0,0.0,26.0,5510000.0,1950000.0,2090000.0,0,0.0,0.38,1.0,3.0,5.0,2.0,0.0,0.0,0.0,0.0,0.0,0.0,1.0
659,1.0,1.0,56.0,2540000.0,3540000.0,0.0,1,0.0,0.0,4.0,1.0,7.0,2.0,0.0,1.0,0.0,0.0,10.0,1.0,1.0
660,1.0,1.0,41.0,4030000.0,310000.0,0.0,0,0.0,0.0,1.0,10.0,4.0,3.0,0.0,0.0,0.0,1.0,0.0,1.0,1.0
661,1.0,1.0,27.0,4440000.0,3710000.0,1840000.0,0,0.0,0.41,3.0,4.0,3.0,4.0,0.0,1.0,0.0,0.0,9.0,1.0,0.0
662,0.0,1.0,55.0,3150000.0,2440000.0,0.0,0,0.0,0.0,3.0,2.0,2.0,2.0,1.0,0.0,0.0,0.0,34.0,0.0,0.0
663,0.0,0.0,45.0,4060000.0,4330000.0,0.0,0,0.0,0.0,2.0,9.0,3.0,4.0,1.0,0.0,0.0,0.0,21.0,0.0,0.0
664,0.0,1.0,38.0,4060000.0,2000000.0,380000.0,0,0.0,0.09,3.0,2.0,2.0,4.0,0.0,0.0,0.0,1.0,19.0,0.0,0.0
665,0.0,0.0,58.0,6620000.0,2630000.0,660000.0,0,0.0,0.1,1.0,3.0,5.0,1.0,0.0,0.0,0.0,1.0,23.0,0.0,0.0
666,0.0,0.0,63.0,2900000.0,3010000.0,0.0,0,0.0,0.0,4.0,1.0,7.0,2.0,1.0,1.0,1.0,1.0,15.0,0.0,1.0
667,1.0,1.0,33.0,6140000.0,2540000.0,0.0,0,0.0,0.0,1.0,10.0,4.0,3.0,0.0,1.0,0.0,1.0,4.0,1.0,1.0
668,1.0,0.0,26.0,6000000.0,3420000.0,0.0,0,0.0,0.0,3.0,0.0,0.0,1.0,0.0,0.0,0.0,0.0,8.0,1.0,0.0
669,1.0,0.0,33.0,3530000.0,4530000.0,1510000.0,0,0.0,0.43,4.0,1.0,7.0,1.0,0.0,0.0,0.0,0.0,14.0,1.0,0.0
670,0.0,0.0,40.0,3900000.0,1400000.0,990000.0,0,0.0,0.25,4.0,1.0,7.0,1.0,1.0,0.0,0.0,1.0,15.0,0.0,1.0
671,1.0,0.0,61.0,3140000.0,3700000.0,0.0,0,0.0,0.0,4.0,1.0,7.0,1.0,0.0,1.0,0.0,0.0,34.0,0.0,0.0
672,0.0,1.0,44.0,2740000.0,2260000.0,0.0,0,0.0,0.0,4.0,1.0,7.0,1.0,0.0,1.0,0.0,1.0,8.0,1.0,0.0
673,1.0,0.0,54.0,4540000.0,490000.0,230000.0,0,0.0,0.05,3.0,0.0,0.0,3.0,3.0,1.0,0.0,0.0,0.0,1.0,1.0
674,0.0,1.0,64.0,5720000.0,530000.0,990000.0,0,0.0,0.17,1.0,10.0,4.0,4.0,1.0,1.0,0.0,1.0,44.0,0.0,0.0
675,1.0,1.0,47.0,4610000.0,4040000.0,890000.0,0,0.0,0.19,2.0,5.0,2.0,1.0,0.0,0.0,0.0,0.0,19.0,1.0,0.0
676,0.0,1.0,45.0,4500000.0,2220000.0,0.0,0,0.0,0.0,3.0,2.0,2.0,2.0,3.0,1.0,0.0,0.0,22.0,0.0,1.0
677,0.0,1.0,51.0,7340000.0,3120000.0,2620000.0,0,0.0,0.36,3.0,0.0,0.0,2.0,2.0,1.0,0.0,1.0,11.0,0.0,0.0
678,0.0,1.0,31.0,4760000.0,1320000.0,0.0,0,0.0,0.0,1.0,10.0,4.0,2.0,2.0,0.0,0.0,0.0,13.0,0.0,0.0
679,1.0,0.0,62.0,2610000.0,790000.0,0.0,0,0.0,0.0,3.0,2.0,2.0,1.0,0.0,1.0,0.0,0.0,40.0,0.0,0.0
680,0.0,0.0,46.0,4130000.0,1230000.0,0.0,0,0.0,0.0,3.0,2.0,2.0,2.0,3.0,1.0,1.0,0.0,14.0,0.0,0.0
681,1.0,0.0,53.0,4710000.0,2410000.0,900000.0,0,0.0,0.19,1.0,3.0,5.0,2.0,2.0,1.0,0.0,1.0,30.0,1.0,0.0
682,1.0,1.0,27.0,3710000.0,1740000.0,0.0,0,0.0,0.0,3.0,2.0,2.0,2.0,0.0,1.0,0.0,0.0,5.0,1.0,1.0
683,0.0,0.0,49.0,4660000.0,1170000.0,2210000.0,0,0.0,0.47,3.0,2.0,2.0,2.0,0.0,1.0,0.0,1.0,27.0,1.0,0.0
684,0.0,0.0,35.0,2010000.0,1200000.0,660000.0,0,0.0,0.33,4.0,1.0,7.0,3.0,3.0,0.0,0.0,0.0,13.0,0.0,1.0
685,1.0,1.0,34.0,2050000.0,1380000.0,0.0,0,0.0,0.0,4.0,1.0,7.0,2.0,1.0,1.0,0.0,1.0,7.0,1.0,0.0
686,0.0,1.0,27.0,3770000.0,2660000.0,500000.0,0,0.0,0.13,2.0,9.0,3.0,2.0,3.0,0.0,0.0,0.0,0.0,1.0,1.0
687,0.0,1.0,53.0,3420000.0,1900000.0,0.0,0,0.0,0.0,3.0,2.0,2.0,1.0,0.0,0.0,0.0,0.0,13.0,0.0,0.0
688,1.0,1.0,47.0,2390000.0,3530000.0,960000.0,1,1.0,0.4,4.0,1.0,7.0,2.0,0.0,0.0,0.0,1.0,28.0,1.0,0.0
689,1.0,0.0,34.0,3920000.0,3930000.0,380000.0,0,0.0,0.1,4.0,1.0,7.0,3.0,3.0,0.0,0.0,0.0,8.0,1.0,1.0
690,1.0,0.0,25.0,4270000.0,1580000.0,0.0,0,0.0,0.0,1.0,10.0,4.0,4.0,3.0,1.0,0.0,1.0,4.0,1.0,1.0
691,1.0,0.0,36.0,4430000.0,810000.0,370000.0,0,0.0,0.08,1.0,10.0,4.0,2.0,2.0,1.0,0.0,1.0,13.0,1.0,0.0
692,1.0,1.0,51.0,2930000.0,4070000.0,0.0,0,0.0,0.0,2.0,9.0,3.0,1.0,3.0,1.0,0.0,1.0,7.0,0.0,1.0
693,0.0,0.0,57.0,4270000.0,4690000.0,900000.0,0,0.0,0.21,1.0,3.0,5.0,4.0,0.0,1.0,0.0,0.0,24.0,1.0,0.0
694,1.0,1.0,54.0,4650000.0,4330000.0,2320000.0,1,0.0,0.5,3.0,0.0,0.0,4.0,3.0,1.0,0.0,0.0,31.0,1.0,1.0
695,1.0,1.0,47.0,3140000.0,2880000.0,0.0,0,0.0,0.0,3.0,2.0,2.0,4.0,0.0,0.0,0.0,1.0,28.0,1.0,1.0
696,1.0,1.0,41.0,2710000.0,2260000.0,930000.0,0,0.0,0.34,2.0,8.0,6.0,4.0,0.0,1.0,0.0,0.0,9.0,1.0,1.0
697,0.0,1.0,34.0,6920000.0,3250000.0,0.0,0,0.0,0.0,1.0,3.0,5.0,2.0,1.0,0.0,0.0,1.0,3.0,0.0,0.0
698,1.0,1.0,61.0,3590000.0,3540000.0,0.0,0,0.0,0.0,2.0,9.0,3.0,1.0,3.0,0.0,0.0,1.0,25.0,0.0,1.0
699,0.0,1.0,51.0,4700000.0,4440000.0,0.0,0,0.0,0.0,3.0,4.0,3.0,2.0,1.0,0.0,0.0,1.0,26.0,0.0,0.0
700,1.0,0.0,34.0,3390000.0,2160000.0,1320000.0,0,0.0,0.39,3.0,4.0,3.0,4.0,1.0,0.0,0.0,1.0,10.0,1.0,1.0
701,0.0,1.0,28.0,2340000.0,4010000.0,0.0,0,0.0,0.0,4.0,6.0,2.0,2.0,0.0,0.0,0.0,0.0,4.0,1.0,0.0
702,0.0,1.0,65.0,2280000.0,4660000.0,0.0,0,0.0,0.0,4.0,6.0,2.0,3.0,0.0,1.0,0.0,0.0,47.0,0.0,0.0
703,1.0,0.0,33.0,3600000.0,1950000.0,1610000.0,0,0.0,0.45,4.0,1.0,7.0,3.0,3.0,0.0,0.0,0.0,13.0,1.0,0.0
704,0.0,0.0,47.0,2610000.0,3470000.0,0.0,0,0.0,0.0,3.0,2.0,2.0,3.0,1.0,0.0,0.0,1.0,24.0,0.0,1.0
705,1.0,0.0,44.0,2550000.0,3090000.0,230000.0,1,1.0,0.09,4.0,1.0,7.0,2.0,3.0,0.0,0.0,0.0,4.0,1.0,0.0
706,1.0,1.0,49.0,6530000.0,1440000.0,570000.0,0,0.0,0.09,1.0,10.0,4.0,3.0,2.0,1.0,0.0,0.0,13.0,1.0,0.0
707,1.0,1.0,62.0,6160000.0,2960000.0,1150000.0,0,0.0,0.19,1.0,10.0,4.0,3.0,3.0,0.0,0.0,0.0,10.0,0.0,1.0
708,1.0,0.0,30.0,3310000.0,2390000.0,760000.0,0,0.0,0.23,4.0,1.0,7.0,4.0,3.0,0.0,0.0,0.0,8.0,1.0,1.0
709,1.0,0.0,47.0,4890000.0,2810000.0,0.0,0,0.0,0.0,3.0,0.0,0.0,2.0,0.0,0.0,0.0,1.0,7.0,0.0,1.0
710,0.0,1.0,32.0,2700000.0,2140000.0,0.0,0,0.0,0.0,4.0,1.0,7.0,4.0,3.0,1.0,0.0,1.0,1.0,0.0,1.0
711,0.0,0.0,52.0,4210000.0,3800000.0,1400000.0,0,0.0,0.33,1.0,3.0,5.0,1.0,2.0,0.0,0.0,0.0,33.0,1.0,0.0
712,1.0,1.0,27.0,3570000.0,2510000.0,260000.0,0,0.0,0.07,2.0,8.0,6.0,4.0,0.0,0.0,0.0,0.0,0.0,1.0,1.0
713,0.0,1.0,48.0,4060000.0,3630000.0,1620000.0,0,0.0,0.4,2.0,5.0,2.0,3.0,0.0,1.0,0.0,1.0,2.0,1.0,0.0
714,1.0,1.0,42.0,4360000.0,2360000.0,2150000.0,0,0.0,0.49,3.0,2.0,2.0,1.0,2.0,0.0,0.0,0.0,23.0,1.0,1.0
715,0.0,1.0,58.0,2840000.0,3580000.0,380000.0,0,0.0,0.13,4.0,1.0,7.0,3.0,0.0,0.0,0.0,0.0,24.0,1.0,0.0
716,1.0,1.0,61.0,3560000.0,3850000.0,0.0,0,0.0,0.0,4.0,1.0,7.0,2.0,2.0,1.0,0.0,1.0,32.0,1.0,0.0
717,1.0,1.0,33.0,2970000.0,3050000.0,0.0,0,0.0,0.0,4.0,1.0,7.0,2.0,1.0,1.0,0.0,1.0,7.0,1.0,0.0
718,1.0,1.0,47.0,2650000.0,4960000.0,800000.0,0,0.0,0.3,3.0,2.0,2.0,1.0,3.0,0.0,0.0,1.0,19.0,1.0,1.0
719,0.0,1.0,58.0,5480000.0,2860000.0,0.0,0,0.0,0.0,1.0,3.0,5.0,4.0,3.0,0.0,0.0,0.0,0.0,0.0,0.0
720,0.0,1.0,32.0,4120000.0,3370000.0,310000.0,0,0.0,0.08,3.0,4.0,3.0,3.0,1.0,0.0,0.0,1.0,11.0,0.0,1.0
721,0.0,1.0,46.0,3580000.0,3260000.0,1620000.0,0,0.0,0.45,4.0,1.0,7.0,3.0,1.0,0.0,0.0,0.0,3.0,1.0,0.0
722,1.0,1.0,60.0,4600000.0,4830000.0,440000.0,0,0.0,0.1,1.0,10.0,4.0,2.0,0.0,1.0,0.0,1.0,39.0,0.0,1.0
723,0.0,1.0,41.0,2880000.0,490000.0,0.0,1,0.0,0.0,2.0,9.0,3.0,2.0,1.0,1.0,0.0,0.0,16.0,0.0,1.0
724,1.0,0.0,26.0,4230000.0,3230000.0,900000.0,0,0.0,0.21,2.0,8.0,6.0,2.0,1.0,0.0,0.0,1.0,0.0,0.0,0.0
725,0.0,1.0,46.0,3670000.0,4890000.0,0.0,0,0.0,0.0,4.0,1.0,7.0,1.0,1.0,1.0,0.0,1.0,23.0,0.0,0.0
726,0.0,1.0,43.0,2770000.0,3430000.0,630000.0,0,0.0,0.23,2.0,5.0,2.0,1.0,2.0,1.0,0.0,1.0,25.0,0.0,1.0
727,1.0,1.0,59.0,4730000.0,4710000.0,310000.0,0,0.0,0.07,1.0,3.0,5.0,4.0,3.0,0.0,0.0,1.0,32.0,0.0,1.0
728,0.0,1.0,32.0,3800000.0,4100000.0,1470000.0,0,0.0,0.39,2.0,9.0,3.0,2.0,3.0,0.0,0.0,1.0,11.0,1.0,1.0
729,0.0,0.0,49.0,3340000.0,3660000.0,0.0,0,0.0,0.0,2.0,5.0,2.0,1.0,3.0,0.0,0.0,1.0,3.0,0.0,1.0
730,0.0,0.0,42.0,3900000.0,610000.0,1560000.0,0,0.0,0.4,2.0,9.0,3.0,1.0,3.0,1.0,0.0,0.0,10.0,1.0,1.0
731,1.0,1.0,42.0,640000.0,1140000.0,0.0,1,0.0,0.0,5.0,7.0,1.0,2.0,2.0,1.0,0.0,0.0,4.0,1.0,1.0
732,1.0,1.0,43.0,7290000.0,4710000.0,0.0,0,0.0,0.0,3.0,0.0,0.0,2.0,1.0,0.0,0.0,0.0,2.0,1.0,0.0
733,0.0,0.0,36.0,3530000.0,3660000.0,0.0,0,0.0,0.0,4.0,1.0,7.0,1.0,3.0,0.0,0.0,1.0,3.0,0.0,1.0
734,0.0,1.0,62.0,3070000.0,2110000.0,860000.0,0,0.0,0.28,2.0,8.0,6.0,3.0,1.0,1.0,0.0,1.0,16.0,0.0,1.0
735,1.0,1.0,62.0,2080000.0,3110000.0,830000.0,0,0.0,0.4,4.0,1.0,7.0,4.0,2.0,1.0,0.0,1.0,32.0,0.0,1.0
736,0.0,1.0,56.0,3160000.0,2410000.0,0.0,0,0.0,0.0,2.0,5.0,2.0,2.0,0.0,0.0,0.0,1.0,25.0,0.0,0.0
737,1.0,1.0,39.0,4950000.0,650000.0,2190000.0,0,0.0,0.44,3.0,2.0,2.0,4.0,2.0,1.0,0.0,0.0,11.0,1.0,0.0
738,1.0,1.0,43.0,6370000.0,3250000.0,0.0,0,0.0,0.0,1.0,3.0,5.0,4.0,1.0,0.0,0.0,0.0,20.0,1.0,0.0
739,0.0,0.0,31.0,5210000.0,4290000.0,0.0,0,0.0,0.0,3.0,0.0,0.0,4.0,2.0,0.0,0.0,0.0,11.0,0.0,1.0
740,1.0,0.0,59.0,3110000.0,3860000.0,0.0,0,0.0,0.0,2.0,9.0,3.0,2.0,0.0,1.0,0.0,0.0,9.0,1.0,1.0
741,1.0,1.0,64.0,4430000.0,2340000.0,0.0,0,0.0,0.0,2.0,8.0,6.0,4.0,0.0,0.0,0.0,1.0,37.0,1.0,1.0
742,1.0,1.0,43.0,4760000.0,2760000.0,0.0,0,0.0,0.0,2.0,5.0,2.0,2.0,3.0,0.0,0.0,1.0,13.0,1.0,1.0
743,0.0,1.0,28.0,2020000.0,2370000.0,0.0,0,0.0,0.0,4.0,1.0,7.0,1.0,0.0,1.0,0.0,0.0,4.0,0.0,0.0
744,0.0,1.0,25.0,2530000.0,1050000.0,1050000.0,0,0.0,0.42,2.0,9.0,3.0,4.0,2.0,0.0,0.0,1.0,2.0,0.0,0.0
745,0.0,1.0,59.0,2790000.0,1320000.0,0.0,1,0.0,0.0,4.0,1.0,7.0,4.0,3.0,1.0,0.0,0.0,13.0,0.0,0.0
746,1.0,0.0,59.0,6510000.0,2080000.0,0.0,0,0.0,0.0,1.0,3.0,5.0,2.0,1.0,1.0,0.0,0.0,14.0,0.0,0.0
747,0.0,0.0,29.0,2800000.0,4540000.0,0.0,0,0.0,0.0,2.0,9.0,3.0,4.0,3.0,0.0,0.0,1.0,10.0,0.0,1.0
748,0.0,0.0,29.0,4720000.0,2020000.0,0.0,0,0.0,0.0,3.0,0.0,0.0,4.0,0.0,1.0,1.0,1.0,5.0,1.0,1.0
749,1.0,0.0,54.0,4870000.0,3950000.0,520000.0,0,0.0,0.11,2.0,9.0,3.0,3.0,2.0,1.0,0.0,1.0,7.0,1.0,0.0
750,1.0,1.0,61.0,6350000.0,4270000.0,850000.0,0,0.0,0.13,1.0,10.0,4.0,4.0,2.0,1.0,0.0,0.0,36.0,1.0,0.0
751,0.0,1.0,41.0,4170000.0,3750000.0,420000.0,0,0.0,0.1,1.0,3.0,5.0,4.0,1.0,0.0,0.0,1.0,18.0,0.0,0.0
752,0.0,1.0,54.0,3680000.0,4650000.0,250000.0,0,0.0,0.07,3.0,2.0,2.0,3.0,1.0,0.0,0.0,0.0,1.0,0.0,0.0
753,0.0,1.0,52.0,4920000.0,3880000.0,500000.0,0,0.0,0.1,2.0,8.0,6.0,1.0,1.0,1.0,0.0,1.0,5.0,1.0,1.0
754,0.0,1.0,43.0,5070000.0,4820000.0,600000.0,0,0.0,0.12,1.0,10.0,4.0,1.0,3.0,0.0,0.0,0.0,12.0,1.0,1.0
755,0.0,0.0,31.0,3550000.0,3510000.0,1340000.0,0,0.0,0.38,4.0,1.0,7.0,4.0,1.0,0.0,0.0,1.0,6.0,0.0,1.0
756,0.0,0.0,35.0,4640000.0,2250000.0,0.0,0,0.0,0.0,3.0,2.0,2.0,2.0,1.0,0.0,0.0,1.0,2.0,1.0,1.0
757,0.0,1.0,57.0,6750000.0,1630000.0,1440000.0,0,0.0,0.21,1.0,3.0,5.0,3.0,0.0,1.0,0.0,0.0,20.0,1.0,1.0
758,0.0,1.0,65.0,2870000.0,1180000.0,630000.0,0,0.0,0.22,3.0,4.0,3.0,4.0,0.0,1.0,0.0,1.0,23.0,1.0,1.0
759,0.0,0.0,44.0,4450000.0,4520000.0,1390000.0,0,0.0,0.31,2.0,5.0,2.0,1.0,0.0,1.0,0.0,1.0,16.0,1.0,1.0
760,0.0,0.0,54.0,5240000.0,1580000.0,0.0,0,0.0,0.0,1.0,10.0,4.0,4.0,2.0,0.0,0.0,1.0,15.0,1.0,1.0
761,1.0,1.0,34.0,4620000.0,3480000.0,0.0,0,0.0,0.0,3.0,4.0,3.0,2.0,2.0,0.0,0.0,0.0,0.0,0.0,0.0
762,0.0,1.0,55.0,2750000.0,970000.0,0.0,0,0.0,0.0,4.0,1.0,7.0,3.0,0.0,0.0,1.0,0.0,21.0,1.0,1.0
763,0.0,1.0,42.0,2510000.0,1190000.0,430000.0,1,0.0,0.17,2.0,9.0,3.0,4.0,2.0,1.0,0.0,0.0,1.0,0.0,0.0
764,1.0,1.0,25.0,3340000.0,2120000.0,1470000.0,1,0.0,0.44,2.0,9.0,3.0,2.0,1.0,1.0,0.0,1.0,2.0,0.0,1.0
765,0.0,1.0,59.0,6860000.0,1590000.0,1910000.0,0,0.0,0.28,1.0,10.0,4.0,1.0,2.0,1.0,0.0,0.0,23.0,1.0,1.0
766,0.0,1.0,63.0,7660000.0,4680000.0,0.0,0,0.0,0.0,3.0,0.0,0.0,1.0,0.0,1.0,0.0,1.0,10.0,0.0,0.0
767,1.0,1.0,35.0,4630000.0,2610000.0,0.0,0,0.0,0.0,1.0,10.0,4.0,3.0,0.0,1.0,0.0,1.0,5.0,0.0,0.0
768,1.0,0.0,30.0,4150000.0,530000.0,0.0,0,0.0,0.0,2.0,8.0,6.0,1.0,1.0,1.0,0.0,1.0,2.0,0.0,1.0
769,0.0,1.0,62.0,3780000.0,540000.0,1520000.0,0,0.0,0.4,3.0,4.0,3.0,1.0,2.0,0.0,1.0,0.0,23.0,0.0,0.0
770,0.0,0.0,45.0,4380000.0,4680000.0,0.0,0,0.0,0.0,3.0,2.0,2.0,4.0,0.0,0.0,0.0,0.0,18.0,1.0,0.0
771,1.0,0.0,38.0,6990000.0,1180000.0,1170000.0,0,0.0,0.17,1.0,10.0,4.0,4.0,2.0,1.0,0.0,1.0,13.0,1.0,1.0
772,0.0,1.0,56.0,2930000.0,370000.0,0.0,0,0.0,0.0,4.0,1.0,7.0,1.0,3.0,0.0,0.0,0.0,21.0,1.0,0.0
773,1.0,1.0,43.0,2940000.0,1640000.0,0.0,0,0.0,0.0,4.0,1.0,7.0,1.0,0.0,0.0,0.0,0.0,0.0,0.0,0.0
774,0.0,0.0,54.0,4780000.0,3220000.0,2290000.0,0,0.0,0.48,1.0,10.0,4.0,1.0,0.0,1.0,0.0,0.0,10.0,0.0,1.0
775,1.0,0.0,36.0,2840000.0,4150000.0,710000.0,1,0.0,0.25,2.0,8.0,6.0,4.0,0.0,0.0,0.0,0.0,14.0,0.0,1.0
776,1.0,1.0,27.0,3660000.0,4690000.0,0.0,0,0.0,0.0,4.0,1.0,7.0,1.0,2.0,1.0,0.0,1.0,8.0,0.0,1.0
777,1.0,0.0,55.0,2960000.0,3480000.0,0.0,1,0.0,0.0,2.0,5.0,2.0,1.0,0.0,1.0,0.0,0.0,18.0,1.0,1.0
778,0.0,1.0,59.0,5010000.0,3310000.0,0.0,0,0.0,0.0,1.0,10.0,4.0,1.0,1.0,1.0,0.0,1.0,34.0,0.0,1.0
779,0.0,1.0,62.0,3240000.0,2910000.0,0.0,0,0.0,0.0,2.0,5.0,2.0,1.0,0.0,1.0,0.0,1.0,15.0,1.0,0.0
780,0.0,1.0,53.0,2100000.0,4410000.0,0.0,0,0.0,0.0,4.0,1.0,7.0,3.0,0.0,0.0,0.0,1.0,0.0,1.0,0.0
781,1.0,1.0,40.0,5830000.0,1870000.0,0.0,0,0.0,0.0,1.0,3.0,5.0,2.0,0.0,0.0,0.0,0.0,3.0,0.0,0.0
782,0.0,1.0,40.0,3350000.0,2320000.0,0.0,0,0.0,0.0,4.0,1.0,7.0,1.0,1.0,0.0,0.0,1.0,4.0,1.0,1.0
783,0.0,1.0,50.0,3410000.0,3930000.0,1100000.0,0,0.0,0.32,2.0,5.0,2.0,2.0,0.0,1.0,0.0,0.0,7.0,1.0,0.0
784,0.0,1.0,59.0,3260000.0,3660000.0,400000.0,0,0.0,0.12,4.0,1.0,7.0,3.0,3.0,0.0,0.0,0.0,37.0,1.0,0.0
785,0.0,1.0,53.0,4310000.0,2830000.0,0.0,0,0.0,0.0,2.0,5.0,2.0,1.0,3.0,0.0,0.0,1.0,20.0,1.0,0.0
786,1.0,1.0,60.0,2870000.0,630000.0,1260000.0,1,0.0,0.44,2.0,5.0,2.0,4.0,0.0,1.0,0.0,0.0,26.0,1.0,0.0
787,0.0,1.0,50.0,3570000.0,850000.0,0.0,0,0.0,0.0,4.0,1.0,7.0,4.0,2.0,1.0,0.0,1.0,22.0,1.0,0.0
788,0.0,0.0,33.0,4950000.0,4080000.0,0.0,0,0.0,0.0,2.0,5.0,2.0,4.0,0.0,1.0,0.0,0.0,5.0,1.0,0.0
789,1.0,1.0,33.0,6810000.0,490000.0,0.0,0,0.0,0.0,1.0,10.0,4.0,1.0,1.0,0.0,0.0,1.0,15.0,1.0,1.0
790,1.0,1.0,52.0,3750000.0,410000.0,980000.0,0,0.0,0.26,3.0,2.0,2.0,1.0,3.0,0.0,0.0,1.0,30.0,1.0,0.0
791,1.0,0.0,26.0,2840000.0,4260000.0,0.0,0,0.0,0.0,2.0,5.0,2.0,3.0,0.0,0.0,0.0,1.0,7.0,1.0,0.0
792,0.0,1.0,64.0,4260000.0,1600000.0,0.0,0,0.0,0.0,1.0,3.0,5.0,3.0,2.0,0.0,0.0,0.0,24.0,1.0,1.0
793,1.0,1.0,61.0,4320000.0,3520000.0,1990000.0,0,0.0,0.46,1.0,10.0,4.0,4.0,2.0,0.0,0.0,0.0,20.0,1.0,0.0
794,1.0,0.0,41.0,3530000.0,3110000.0,1290000.0,0,0.0,0.37,2.0,9.0,3.0,2.0,2.0,0.0,0.0,0.0,22.0,0.0,0.0
795,1.0,1.0,34.0,3710000.0,2270000.0,630000.0,0,0.0,0.17,3.0,4.0,3.0,2.0,1.0,1.0,0.0,0.0,4.0,0.0,0.0
796,1.0,1.0,38.0,2890000.0,1460000.0,890000.0,1,0.0,0.31,4.0,1.0,7.0,3.0,3.0,0.0,0.0,0.0,14.0,0.0,0.0
797,0.0,1.0,36.0,3990000.0,790000.0,470000.0,0,0.0,0.12,3.0,2.0,2.0,4.0,0.0,0.0,0.0,0.0,1.0,0.0,0.0
798,1.0,0.0,59.0,6690000.0,2600000.0,0.0,0,0.0,0.0,3.0,0.0,0.0,3.0,1.0,1.0,0.0,0.0,29.0,0.0,0.0
799,1.0,0.0,49.0,7510000.0,1730000.0,3090000.0,0,0.0,0.41,3.0,0.0,0.0,2.0,2.0,1.0,0.0,1.0,1.0,1.0,0.0
800,0.0,1.0,61.0,4000000.0,890000.0,0.0,0,0.0,0.0,4.0,1.0,7.0,1.0,0.0,0.0,0.0,1.0,30.0,1.0,1.0
801,1.0,1.0,29.0,2860000.0,2500000.0,160000.0,1,0.0,0.06,4.0,1.0,7.0,1.0,1.0,0.0,0.0,1.0,7.0,0.0,0.0
802,1.0,0.0,27.0,6360000.0,1980000.0,0.0,0,0.0,0.0,1.0,3.0,5.0,2.0,0.0,1.0,0.0,0.0,5.0,1.0,1.0
803,1.0,1.0,30.0,4900000.0,690000.0,0.0,0,0.0,0.0,2.0,8.0,6.0,4.0,3.0,0.0,0.0,1.0,3.0,1.0,0.0
804,0.0,1.0,39.0,4390000.0,2400000.0,0.0,0,0.0,0.0,2.0,5.0,2.0,2.0,0.0,0.0,0.0,0.0,10.0,0.0,1.0
805,0.0,1.0,58.0,4320000.0,730000.0,820000.0,0,0.0,0.19,3.0,4.0,3.0,3.0,0.0,1.0,0.0,0.0,39.0,0.0,0.0
806,1.0,1.0,60.0,3700000.0,320000.0,1280000.0,0,0.0,0.35,3.0,2.0,2.0,3.0,2.0,1.0,0.0,0.0,30.0,1.0,1.0
807,1.0,0.0,50.0,4930000.0,1750000.0,1640000.0,0,0.0,0.33,2.0,5.0,2.0,1.0,2.0,0.0,0.0,0.0,29.0,0.0,1.0
808,0.0,1.0,28.0,4900000.0,4060000.0,1760000.0,0,0.0,0.36,1.0,10.0,4.0,3.0,3.0,0.0,0.0,1.0,1.0,0.0,0.0
809,0.0,1.0,54.0,3910000.0,1430000.0,0.0,0,0.0,0.0,4.0,1.0,7.0,4.0,2.0,1.0,0.0,0.0,35.0,0.0,1.0
810,0.0,1.0,27.0,6150000.0,1370000.0,2080000.0,0,0.0,0.34,3.0,0.0,0.0,4.0,1.0,0.0,0.0,0.0,5.0,1.0,1.0
811,1.0,0.0,28.0,4840000.0,4470000.0,300000.0,0,0.0,0.06,1.0,3.0,5.0,3.0,2.0,0.0,0.0,0.0,2.0,1.0,0.0
812,1.0,0.0,54.0,4420000.0,4470000.0,1900000.0,0,0.0,0.43,3.0,0.0,0.0,2.0,2.0,1.0,0.0,1.0,10.0,1.0,0.0
813,1.0,1.0,39.0,6840000.0,2550000.0,1040000.0,0,0.0,0.15,1.0,3.0,5.0,1.0,2.0,1.0,0.0,1.0,11.0,0.0,0.0
814,1.0,1.0,42.0,3210000.0,4210000.0,230000.0,0,0.0,0.07,2.0,8.0,6.0,1.0,3.0,1.0,0.0,1.0,18.0,0.0,0.0
815,1.0,1.0,38.0,2900000.0,4710000.0,240000.0,0,0.0,0.08,4.0,1.0,7.0,1.0,3.0,1.0,0.0,1.0,14.0,0.0,0.0
816,0.0,1.0,36.0,6280000.0,4720000.0,0.0,0,0.0,0.0,1.0,10.0,4.0,1.0,0.0,0.0,0.0,0.0,14.0,1.0,0.0
817,1.0,1.0,49.0,3330000.0,3770000.0,0.0,0,0.0,0.0,4.0,1.0,7.0,2.0,2.0,0.0,1.0,0.0,10.0,0.0,1.0
818,0.0,1.0,58.0,7880000.0,3080000.0,610000.0,1,1.0,0.08,3.0,0.0,0.0,1.0,0.0,0.0,0.0,1.0,14.0,0.0,1.0
819,1.0,1.0,52.0,5330000.0,2880000.0,770000.0,0,0.0,0.14,3.0,0.0,0.0,3.0,2.0,1.0,0.0,1.0,22.0,0.0,0.0
820,0.0,1.0,25.0,4030000.0,3890000.0,0.0,0,0.0,0.0,1.0,3.0,5.0,3.0,1.0,1.0,0.0,0.0,2.0,0.0,1.0
821,0.0,1.0,41.0,5070000.0,760000.0,0.0,0,0.0,0.0,1.0,10.0,4.0,2.0,0.0,0.0,0.0,0.0,13.0,0.0,0.0
822,0.0,1.0,36.0,5120000.0,1560000.0,0.0,0,0.0,0.0,1.0,3.0,5.0,4.0,0.0,1.0,0.0,1.0,11.0,0.0,0.0
823,1.0,1.0,47.0,2590000.0,620000.0,770000.0,0,0.0,0.3,2.0,5.0,2.0,3.0,3.0,1.0,0.0,0.0,3.0,1.0,0.0
824,0.0,1.0,27.0,5820000.0,1530000.0,0.0,0,0.0,0.0,1.0,10.0,4.0,3.0,3.0,1.0,0.0,1.0,7.0,1.0,1.0
825,1.0,0.0,36.0,3900000.0,2450000.0,1890000.0,0,0.0,0.48,2.0,5.0,2.0,1.0,3.0,1.0,0.0,0.0,13.0,0.0,0.0
826,1.0,1.0,37.0,4120000.0,1740000.0,710000.0,0,0.0,0.17,1.0,10.0,4.0,4.0,2.0,1.0,0.0,0.0,7.0,0.0,1.0
827,1.0,0.0,31.0,3350000.0,4860000.0,1010000.0,0,0.0,0.3,3.0,4.0,3.0,4.0,3.0,1.0,0.0,1.0,6.0,0.0,1.0
828,1.0,0.0,44.0,110000.0,990000.0,0.0,1,0.0,0.0,5.0,7.0,1.0,2.0,0.0,1.0,1.0,0.0,10.0,0.0,0.0
829,1.0,1.0,53.0,5160000.0,950000.0,1990000.0,0,0.0,0.39,1.0,10.0,4.0,3.0,1.0,0.0,0.0,0.0,29.0,0.0,0.0
830,0.0,1.0,34.0,4170000.0,2820000.0,490000.0,0,0.0,0.12,2.0,8.0,6.0,4.0,3.0,0.0,0.0,1.0,7.0,0.0,0.0
831,0.0,1.0,27.0,7390000.0,4600000.0,0.0,1,1.0,0.0,3.0,0.0,0.0,2.0,1.0,1.0,0.0,0.0,1.0,0.0,1.0
832,0.0,1.0,36.0,4820000.0,4870000.0,1470000.0,0,0.0,0.3,3.0,2.0,2.0,1.0,2.0,1.0,0.0,1.0,16.0,0.0,1.0
833,1.0,0.0,46.0,3370000.0,2480000.0,760000.0,0,0.0,0.23,4.0,1.0,7.0,3.0,2.0,1.0,0.0,0.0,15.0,0.0,1.0
834,0.0,0.0,32.0,3920000.0,2600000.0,740000.0,0,0.0,0.19,4.0,1.0,7.0,1.0,1.0,1.0,0.0,0.0,14.0,0.0,1.0
835,1.0,1.0,60.0,5090000.0,380000.0,0.0,0,0.0,0.0,1.0,10.0,4.0,2.0,2.0,0.0,0.0,0.0,39.0,1.0,1.0
836,1.0,1.0,33.0,5950000.0,2420000.0,0.0,0,0.0,0.0,1.0,3.0,5.0,2.0,2.0,1.0,0.0,1.0,8.0,0.0,1.0
837,0.0,1.0,31.0,3140000.0,3820000.0,0.0,0,0.0,0.0,2.0,8.0,6.0,1.0,3.0,0.0,0.0,1.0,6.0,0.0,1.0
838,0.0,1.0,65.0,2500000.0,470000.0,1130000.0,0,0.0,0.45,4.0,1.0,7.0,4.0,0.0,1.0,1.0,1.0,39.0,0.0,0.0
839,0.0,1.0,28.0,3810000.0,1290000.0,570000.0,0,0.0,0.15,2.0,8.0,6.0,2.0,1.0,0.0,0.0,0.0,1.0,1.0,0.0
840,0.0,1.0,34.0,3660000.0,4070000.0,390000.0,0,0.0,0.11,3.0,2.0,2.0,3.0,3.0,1.0,0.0,1.0,13.0,0.0,0.0
841,0.0,1.0,58.0,3100000.0,2980000.0,1210000.0,0,0.0,0.39,4.0,1.0,7.0,2.0,1.0,0.0,0.0,1.0,11.0,0.0,1.0
842,0.0,1.0,26.0,6350000.0,1620000.0,2510000.0,0,0.0,0.4,1.0,10.0,4.0,4.0,0.0,0.0,0.0,1.0,4.0,0.0,0.0
843,0.0,1.0,32.0,2630000.0,4380000.0,0.0,0,0.0,0.0,4.0,1.0,7.0,4.0,1.0,1.0,0.0,1.0,12.0,1.0,1.0
844,0.0,0.0,34.0,4030000.0,4190000.0,1310000.0,0,0.0,0.33,2.0,9.0,3.0,4.0,2.0,0.0,0.0,1.0,13.0,1.0,1.0
845,1.0,0.0,37.0,4930000.0,2750000.0,0.0,0,0.0,0.0,1.0,3.0,5.0,3.0,1.0,1.0,0.0,0.0,0.0,1.0,0.0
846,0.0,0.0,53.0,6550000.0,4070000.0,1240000.0,0,0.0,0.19,3.0,0.0,0.0,4.0,1.0,1.0,0.0,0.0,11.0,1.0,1.0
847,1.0,0.0,30.0,3770000.0,3390000.0,1080000.0,0,0.0,0.29,2.0,8.0,6.0,1.0,3.0,0.0,0.0,0.0,10.0,0.0,0.0
848,1.0,0.0,59.0,3700000.0,2520000.0,0.0,1,0.0,0.0,4.0,1.0,7.0,3.0,2.0,0.0,0.0,0.0,11.0,0.0,1.0
849,0.0,1.0,32.0,3810000.0,4940000.0,1680000.0,0,0.0,0.44,2.0,8.0,6.0,3.0,3.0,1.0,0.0,1.0,9.0,1.0,0.0
850,0.0,0.0,63.0,2700000.0,3290000.0,0.0,0,0.0,0.0,3.0,2.0,2.0,3.0,1.0,1.0,0.0,0.0,36.0,0.0,0.0
851,1.0,1.0,32.0,6140000.0,1380000.0,0.0,0,0.0,0.0,1.0,10.0,4.0,1.0,3.0,1.0,0.0,1.0,7.0,0.0,0.0
852,1.0,1.0,59.0,2070000.0,460000.0,680000.0,1,0.0,0.33,4.0,1.0,7.0,3.0,2.0,0.0,1.0,0.0,16.0,1.0,1.0
853,1.0,1.0,60.0,5260000.0,1760000.0,0.0,0,0.0,0.0,3.0,0.0,0.0,1.0,2.0,0.0,0.0,0.0,16.0,0.0,1.0
854,1.0,1.0,28.0,2540000.0,480000.0,0.0,0,0.0,0.0,3.0,2.0,2.0,4.0,0.0,1.0,0.0,1.0,8.0,0.0,1.0
855,0.0,1.0,32.0,2870000.0,2190000.0,0.0,0,0.0,0.0,3.0,4.0,3.0,3.0,2.0,0.0,0.0,1.0,1.0,0.0,1.0
856,1.0,0.0,53.0,3060000.0,4300000.0,0.0,0,0.0,0.0,4.0,1.0,7.0,2.0,2.0,0.0,0.0,1.0,30.0,1.0,1.0
857,0.0,1.0,47.0,4230000.0,3790000.0,0.0,0,0.0,0.0,3.0,4.0,3.0,3.0,1.0,0.0,0.0,1.0,12.0,1.0,0.0
858,1.0,0.0,50.0,6600000.0,4380000.0,0.0,0,0.0,0.0,1.0,10.0,4.0,4.0,2.0,1.0,0.0,0.0,1.0,0.0,1.0
859,0.0,1.0,38.0,3410000.0,2120000.0,0.0,0,0.0,0.0,3.0,4.0,3.0,4.0,2.0,0.0,0.0,0.0,7.0,1.0,1.0
860,0.0,1.0,33.0,6280000.0,4550000.0,0.0,0,0.0,0.0,1.0,10.0,4.0,4.0,3.0,0.0,0.0,1.0,14.0,1.0,1.0
861,1.0,1.0,42.0,5360000.0,1740000.0,980000.0,0,0.0,0.18,3.0,0.0,0.0,1.0,1.0,0.0,0.0,0.0,16.0,0.0,1.0
862,0.0,1.0,28.0,4370000.0,3250000.0,2150000.0,0,0.0,0.49,1.0,10.0,4.0,3.0,1.0,0.0,0.0,1.0,10.0,1.0,1.0
863,1.0,1.0,63.0,7610000.0,1440000.0,0.0,1,1.0,0.0,3.0,0.0,0.0,2.0,3.0,0.0,0.0,1.0,42.0,1.0,0.0
864,0.0,1.0,40.0,2990000.0,4590000.0,190000.0,0,0.0,0.06,4.0,1.0,7.0,1.0,3.0,1.0,0.0,1.0,1.0,0.0,0.0
865,0.0,1.0,60.0,3370000.0,720000.0,520000.0,0,0.0,0.15,3.0,2.0,2.0,4.0,1.0,0.0,0.0,1.0,2.0,1.0,1.0
866,1.0,0.0,46.0,2730000.0,3060000.0,1150000.0,0,0.0,0.42,4.0,1.0,7.0,3.0,3.0,1.0,0.0,1.0,2.0,0.0,0.0
867,1.0,1.0,62.0,4220000.0,4950000.0,0.0,0,0.0,0.0,1.0,10.0,4.0,4.0,0.0,1.0,0.0,0.0,9.0,1.0,1.0
868,0.0,1.0,60.0,4590000.0,4670000.0,0.0,0,0.0,0.0,3.0,4.0,3.0,4.0,1.0,1.0,0.0,0.0,23.0,1.0,0.0
869,1.0,0.0,43.0,4490000.0,950000.0,0.0,0,0.0,0.0,3.0,0.0,0.0,3.0,2.0,0.0,0.0,0.0,4.0,0.0,0.0
870,0.0,1.0,33.0,2880000.0,4870000.0,0.0,0,0.0,0.0,4.0,1.0,7.0,4.0,1.0,1.0,1.0,1.0,12.0,1.0,0.0
871,0.0,1.0,45.0,4990000.0,2660000.0,0.0,0,0.0,0.0,2.0,8.0,6.0,2.0,1.0,1.0,0.0,0.0,12.0,0.0,0.0
872,0.0,1.0,52.0,4730000.0,4120000.0,910000.0,0,0.0,0.19,2.0,5.0,2.0,3.0,2.0,0.0,0.0,0.0,30.0,0.0,0.0
873,0.0,0.0,25.0,4690000.0,4250000.0,0.0,1,0.0,0.0,3.0,2.0,2.0,4.0,0.0,0.0,0.0,0.0,5.0,0.0,0.0
874,1.0,0.0,29.0,2380000.0,4320000.0,0.0,1,0.0,0.0,4.0,1.0,7.0,4.0,1.0,0.0,0.0,1.0,6.0,0.0,0.0
875,1.0,1.0,45.0,3780000.0,450000.0,800000.0,0,0.0,0.21,3.0,4.0,3.0,3.0,0.0,0.0,0.0,1.0,23.0,0.0,0.0
876,0.0,0.0,45.0,6910000.0,4860000.0,0.0,0,0.0,0.0,1.0,3.0,5.0,3.0,2.0,0.0,0.0,0.0,23.0,1.0,1.0
877,0.0,0.0,64.0,6960000.0,310000.0,0.0,1,0.0,0.0,1.0,10.0,4.0,1.0,1.0,0.0,0.0,1.0,10.0,0.0,1.0
878,0.0,1.0,65.0,7190000.0,4060000.0,0.0,0,0.0,0.0,3.0,0.0,0.0,2.0,2.0,0.0,0.0,1.0,8.0,0.0,1.0
879,0.0,1.0,55.0,4340000.0,4850000.0,0.0,0,0.0,0.0,1.0,10.0,4.0,2.0,3.0,0.0,0.0,0.0,19.0,0.0,1.0
880,1.0,1.0,30.0,5850000.0,810000.0,0.0,0,0.0,0.0,3.0,0.0,0.0,3.0,1.0,1.0,0.0,1.0,0.0,1.0,1.0
881,0.0,1.0,35.0,2990000.0,3760000.0,370000.0,0,0.0,0.12,4.0,1.0,7.0,1.0,0.0,0.0,0.0,0.0,5.0,0.0,0.0
882,1.0,1.0,26.0,4870000.0,340000.0,0.0,0,0.0,0.0,3.0,2.0,2.0,4.0,1.0,1.0,0.0,0.0,7.0,1.0,1.0
883,0.0,0.0,42.0,3970000.0,4590000.0,0.0,0,0.0,0.0,2.0,5.0,2.0,3.0,3.0,0.0,0.0,1.0,5.0,1.0,1.0
884,0.0,0.0,53.0,4620000.0,1150000.0,1970000.0,0,0.0,0.43,2.0,9.0,3.0,1.0,0.0,0.0,0.0,1.0,12.0,1.0,0.0
885,0.0,1.0,40.0,2810000.0,3090000.0,1390000.0,0,0.0,0.49,3.0,4.0,3.0,4.0,3.0,0.0,0.0,1.0,11.0,1.0,0.0
886,1.0,0.0,28.0,4530000.0,1570000.0,1060000.0,0,0.0,0.23,3.0,4.0,3.0,4.0,0.0,0.0,0.0,1.0,0.0,1.0,1.0
887,1.0,1.0,52.0,3220000.0,3590000.0,410000.0,0,0.0,0.13,4.0,1.0,7.0,4.0,2.0,1.0,0.0,1.0,14.0,1.0,1.0
888,1.0,1.0,25.0,3270000.0,340000.0,1320000.0,0,0.0,0.4,4.0,1.0,7.0,2.0,2.0,1.0,0.0,0.0,7.0,1.0,0.0
889,0.0,1.0,65.0,4080000.0,3270000.0,0.0,0,0.0,0.0,3.0,2.0,2.0,1.0,2.0,1.0,0.0,0.0,41.0,1.0,0.0
890,0.0,1.0,28.0,3020000.0,990000.0,0.0,0,0.0,0.0,2.0,5.0,2.0,2.0,2.0,1.0,0.0,1.0,7.0,0.0,0.0
891,0.0,1.0,41.0,3920000.0,2050000.0,0.0,0,0.0,0.0,3.0,2.0,2.0,1.0,2.0,0.0,0.0,0.0,22.0,0.0,0.0
892,1.0,0.0,35.0,6510000.0,2310000.0,2020000.0,0,0.0,0.31,1.0,10.0,4.0,2.0,3.0,0.0,0.0,1.0,16.0,1.0,0.0
893,1.0,1.0,41.0,2250000.0,1900000.0,150000.0,0,0.0,0.07,4.0,1.0,7.0,1.0,1.0,0.0,0.0,1.0,19.0,0.0,1.0
894,0.0,0.0,43.0,3860000.0,3410000.0,680000.0,0,0.0,0.18,2.0,8.0,6.0,1.0,2.0,0.0,0.0,0.0,9.0,1.0,0.0
895,1.0,1.0,61.0,2960000.0,2970000.0,190000.0,0,0.0,0.06,2.0,5.0,2.0,3.0,1.0,0.0,0.0,0.0,35.0,1.0,1.0
896,0.0,1.0,50.0,4880000.0,4480000.0,0.0,0,0.0,0.0,1.0,3.0,5.0,1.0,1.0,0.0,0.0,0.0,15.0,1.0,0.0
897,1.0,1.0,51.0,4090000.0,4690000.0,0.0,0,0.0,0.0,3.0,2.0,2.0,3.0,0.0,0.0,0.0,0.0,6.0,0.0,0.0
898,1.0,1.0,47.0,3210000.0,4630000.0,1530000.0,0,0.0,0.48,2.0,5.0,2.0,3.0,0.0,0.0,0.0,1.0,5.0,1.0,0.0
899,1.0,0.0,65.0,3460000.0,3570000.0,1440000.0,0,0.0,0.42,2.0,9.0,3.0,4.0,3.0,1.0,1.0,1.0,45.0,1.0,0.0
900,0.0,0.0,30.0,4600000.0,3520000.0,1650000.0,0,0.0,0.36,2.0,5.0,2.0,4.0,2.0,0.0,0.0,0.0,4.0,0.0,0.0
901,1.0,0.0,53.0,2070000.0,1200000.0,0.0,0,0.0,0.0,4.0,1.0,7.0,4.0,1.0,1.0,0.0,0.0,35.0,1.0,1.0
902,0.0,0.0,61.0,3990000.0,510000.0,1630000.0,0,0.0,0.41,2.0,9.0,3.0,3.0,0.0,1.0,0.0,1.0,18.0,0.0,0.0
903,1.0,1.0,37.0,3740000.0,2920000.0,1790000.0,1,0.0,0.48,4.0,1.0,7.0,3.0,0.0,1.0,0.0,1.0,12.0,0.0,0.0
904,0.0,1.0,38.0,3120000.0,4840000.0,0.0,0,0.0,0.0,3.0,2.0,2.0,3.0,3.0,1.0,0.0,0.0,0.0,0.0,1.0
905,0.0,0.0,46.0,2570000.0,4190000.0,650000.0,0,0.0,0.25,2.0,9.0,3.0,4.0,0.0,0.0,0.0,0.0,25.0,0.0,1.0
906,0.0,1.0,32.0,5130000.0,540000.0,0.0,0,0.0,0.0,1.0,10.0,4.0,4.0,2.0,1.0,0.0,0.0,6.0,1.0,0.0
907,0.0,1.0,64.0,7950000.0,1290000.0,0.0,0,0.0,0.0,3.0,0.0,0.0,1.0,3.0,1.0,0.0,0.0,12.0,1.0,0.0
908,0.0,0.0,55.0,2480000.0,1300000.0,1000000.0,0,0.0,0.4,4.0,1.0,7.0,2.0,1.0,1.0,0.0,1.0,31.0,1.0,0.0
909,0.0,1.0,46.0,4030000.0,3820000.0,1630000.0,0,0.0,0.4,1.0,10.0,4.0,1.0,2.0,0.0,0.0,1.0,23.0,0.0,1.0
910,0.0,1.0,34.0,5430000.0,2650000.0,0.0,0,0.0,0.0,1.0,3.0,5.0,2.0,1.0,0.0,0.0,1.0,2.0,0.0,0.0
911,1.0,1.0,32.0,4290000.0,600000.0,2090000.0,0,0.0,0.49,1.0,10.0,4.0,3.0,2.0,0.0,0.0,0.0,4.0,1.0,0.0
912,0.0,1.0,62.0,4080000.0,2680000.0,770000.0,0,0.0,0.19,2.0,5.0,2.0,2.0,3.0,0.0,0.0,0.0,39.0,1.0,1.0
913,0.0,1.0,63.0,4660000.0,2440000.0,720000.0,0,0.0,0.15,1.0,10.0,4.0,4.0,2.0,0.0,0.0,0.0,5.0,0.0,0.0
914,1.0,1.0,47.0,5090000.0,4280000.0,260000.0,0,0.0,0.05,1.0,3.0,5.0,1.0,3.0,0.0,0.0,1.0,1.0,0.0,1.0
915,1.0,1.0,47.0,3930000.0,640000.0,0.0,0,0.0,0.0,2.0,9.0,3.0,4.0,0.0,1.0,0.0,1.0,24.0,0.0,0.0
916,1.0,1.0,60.0,4690000.0,3870000.0,2050000.0,0,0.0,0.44,2.0,5.0,2.0,3.0,1.0,1.0,0.0,0.0,10.0,0.0,1.0
917,0.0,0.0,65.0,5480000.0,2110000.0,0.0,0,0.0,0.0,3.0,0.0,0.0,3.0,1.0,0.0,0.0,0.0,45.0,0.0,1.0
918,0.0,0.0,56.0,2000000.0,570000.0,670000.0,0,0.0,0.34,4.0,1.0,7.0,2.0,1.0,1.0,0.0,1.0,30.0,0.0,0.0
919,1.0,1.0,33.0,3660000.0,2730000.0,0.0,0,0.0,0.0,2.0,8.0,6.0,4.0,2.0,0.0,0.0,0.0,1.0,0.0,1.0
920,1.0,1.0,38.0,3360000.0,1920000.0,1500000.0,0,0.0,0.45,4.0,1.0,7.0,3.0,0.0,1.0,0.0,0.0,15.0,0.0,0.0
921,0.0,1.0,65.0,6750000.0,4430000.0,1670000.0,0,0.0,0.25,1.0,3.0,5.0,2.0,2.0,0.0,0.0,0.0,37.0,1.0,0.0
922,1.0,1.0,61.0,3850000.0,3690000.0,230000.0,0,0.0,0.06,2.0,9.0,3.0,4.0,3.0,1.0,0.0,1.0,7.0,0.0,0.0
923,1.0,0.0,44.0,2960000.0,4850000.0,0.0,0,0.0,0.0,2.0,8.0,6.0,2.0,2.0,0.0,0.0,1.0,2.0,0.0,0.0
924,1.0,1.0,54.0,5310000.0,1830000.0,520000.0,0,0.0,0.1,1.0,3.0,5.0,3.0,3.0,1.0,1.0,0.0,16.0,1.0,0.0
925,0.0,0.0,39.0,7530000.0,2030000.0,1010000.0,0,0.0,0.13,3.0,0.0,0.0,4.0,3.0,0.0,0.0,1.0,11.0,0.0,1.0
926,0.0,0.0,27.0,2870000.0,2100000.0,0.0,1,0.0,0.0,2.0,5.0,2.0,4.0,3.0,0.0,0.0,1.0,6.0,1.0,0.0
927,1.0,1.0,57.0,2960000.0,760000.0,260000.0,0,0.0,0.09,3.0,2.0,2.0,3.0,3.0,0.0,0.0,0.0,5.0,0.0,0.0
928,0.0,1.0,31.0,5960000.0,890000.0,0.0,0,0.0,0.0,1.0,3.0,5.0,4.0,3.0,0.0,0.0,1.0,4.0,1.0,0.0
929,0.0,0.0,53.0,4200000.0,1350000.0,0.0,0,0.0,0.0,2.0,8.0,6.0,3.0,3.0,1.0,0.0,0.0,30.0,1.0,1.0
930,0.0,1.0,59.0,2870000.0,2390000.0,1110000.0,0,0.0,0.39,4.0,1.0,7.0,4.0,0.0,0.0,0.0,1.0,20.0,1.0,1.0
931,1.0,1.0,50.0,3440000.0,4290000.0,1520000.0,0,0.0,0.44,2.0,8.0,6.0,4.0,3.0,0.0,0.0,0.0,16.0,0.0,1.0
932,1.0,1.0,25.0,4500000.0,2550000.0,1500000.0,0,0.0,0.33,3.0,0.0,0.0,4.0,2.0,1.0,1.0,0.0,7.0,0.0,0.0
933,0.0,1.0,32.0,3030000.0,4990000.0,0.0,0,0.0,0.0,4.0,1.0,7.0,1.0,0.0,0.0,0.0,1.0,0.0,1.0,1.0
934,0.0,0.0,44.0,3410000.0,2820000.0,1190000.0,0,0.0,0.35,3.0,2.0,2.0,1.0,1.0,0.0,0.0,0.0,18.0,1.0,1.0
935,0.0,1.0,55.0,2600000.0,540000.0,0.0,0,0.0,0.0,4.0,1.0,7.0,1.0,3.0,0.0,0.0,0.0,21.0,1.0,0.0
936,0.0,1.0,29.0,5830000.0,2360000.0,1090000.0,0,0.0,0.19,1.0,3.0,5.0,4.0,2.0,0.0,0.0,0.0,8.0,0.0,0.0
937,0.0,1.0,43.0,4870000.0,1340000.0,0.0,0,0.0,0.0,3.0,4.0,3.0,4.0,1.0,1.0,0.0,0.0,20.0,1.0,0.0
938,1.0,1.0,40.0,2980000.0,1890000.0,0.0,0,0.0,0.0,2.0,9.0,3.0,4.0,0.0,1.0,0.0,0.0,19.0,0.0,1.0
939,0.0,1.0,34.0,5310000.0,1110000.0,640000.0,0,0.0,0.12,1.0,10.0,4.0,2.0,3.0,1.0,0.0,1.0,4.0,1.0,0.0
940,1.0,1.0,41.0,7360000.0,530000.0,0.0,0,0.0,0.0,3.0,0.0,0.0,1.0,1.0,0.0,0.0,1.0,21.0,0.0,1.0
941,1.0,1.0,59.0,3650000.0,1950000.0,0.0,0,0.0,0.0,4.0,1.0,7.0,1.0,1.0,0.0,0.0,1.0,26.0,1.0,0.0
942,1.0,0.0,45.0,7430000.0,1470000.0,0.0,0,0.0,0.0,3.0,0.0,0.0,1.0,0.0,0.0,0.0,0.0,2.0,1.0,1.0
943,0.0,1.0,60.0,5310000.0,3110000.0,720000.0,0,0.0,0.14,1.0,3.0,5.0,1.0,3.0,0.0,0.0,0.0,2.0,1.0,0.0
944,1.0,1.0,26.0,4720000.0,1750000.0,2140000.0,0,0.0,0.45,2.0,5.0,2.0,3.0,0.0,1.0,0.0,0.0,7.0,1.0,0.0
945,1.0,1.0,48.0,4430000.0,2320000.0,2090000.0,0,0.0,0.47,1.0,10.0,4.0,1.0,0.0,1.0,0.0,1.0,0.0,0.0,0.0
946,0.0,1.0,25.0,4840000.0,4400000.0,900000.0,0,0.0,0.19,1.0,10.0,4.0,2.0,2.0,0.0,0.0,0.0,7.0,1.0,1.0
947,1.0,1.0,45.0,2710000.0,1750000.0,0.0,1,0.0,0.0,4.0,1.0,7.0,2.0,1.0,0.0,0.0,1.0,20.0,1.0,1.0
948,0.0,1.0,63.0,2950000.0,2440000.0,0.0,0,0.0,0.0,2.0,5.0,2.0,3.0,3.0,0.0,0.0,0.0,44.0,0.0,0.0
949,0.0,0.0,34.0,4270000.0,3630000.0,0.0,0,0.0,0.0,3.0,0.0,0.0,4.0,3.0,1.0,0.0,1.0,6.0,1.0,1.0
950,0.0,0.0,41.0,4530000.0,720000.0,0.0,0,0.0,0.0,2.0,9.0,3.0,4.0,2.0,1.0,0.0,0.0,3.0,1.0,1.0
951,0.0,1.0,47.0,4390000.0,2840000.0,0.0,0,0.0,0.0,1.0,10.0,4.0,3.0,2.0,0.0,0.0,1.0,16.0,0.0,0.0
952,0.0,1.0,48.0,4960000.0,1520000.0,0.0,0,0.0,0.0,3.0,0.0,0.0,4.0,2.0,0.0,0.0,0.0,27.0,0.0,0.0
953,0.0,0.0,25.0,3960000.0,1560000.0,0.0,0,0.0,0.0,3.0,4.0,3.0,1.0,3.0,0.0,0.0,0.0,3.0,0.0,0.0
954,0.0,1.0,63.0,4620000.0,980000.0,1840000.0,0,0.0,0.4,3.0,0.0,0.0,4.0,3.0,0.0,0.0,1.0,27.0,0.0,0.0
955,0.0,1.0,65.0,2860000.0,1660000.0,1010000.0,0,0.0,0.35,2.0,9.0,3.0,3.0,2.0,0.0,0.0,1.0,17.0,0.0,0.0
956,1.0,1.0,38.0,6250000.0,1730000.0,3030000.0,1,0.0,0.48,1.0,10.0,4.0,3.0,0.0,1.0,0.0,0.0,19.0,1.0,0.0
957,1.0,1.0,37.0,4100000.0,1010000.0,0.0,0,0.0,0.0,2.0,5.0,2.0,1.0,0.0,1.0,0.0,0.0,17.0,0.0,0.0
958,0.0,1.0,57.0,3460000.0,4490000.0,0.0,0,0.0,0.0,3.0,2.0,2.0,1.0,0.0,0.0,0.0,1.0,35.0,1.0,1.0
959,1.0,0.0,43.0,2580000.0,2430000.0,950000.0,0,0.0,0.37,2.0,8.0,6.0,3.0,2.0,1.0,1.0,1.0,23.0,1.0,1.0
960,0.0,1.0,56.0,5790000.0,1770000.0,0.0,0,0.0,0.0,1.0,10.0,4.0,3.0,2.0,0.0,0.0,1.0,37.0,1.0,0.0
961,0.0,1.0,65.0,5210000.0,1590000.0,2590000.0,0,0.0,0.5,1.0,10.0,4.0,2.0,0.0,0.0,0.0,1.0,34.0,0.0,1.0
962,0.0,1.0,26.0,4410000.0,790000.0,1270000.0,0,0.0,0.29,3.0,2.0,2.0,1.0,0.0,0.0,0.0,0.0,6.0,0.0,0.0
963,0.0,0.0,32.0,3850000.0,4230000.0,0.0,0,0.0,0.0,4.0,1.0,7.0,2.0,1.0,1.0,1.0,0.0,3.0,0.0,1.0
964,0.0,1.0,52.0,3540000.0,2600000.0,1410000.0,0,0.0,0.4,2.0,5.0,2.0,4.0,3.0,1.0,0.0,1.0,17.0,1.0,1.0
965,0.0,1.0,38.0,3030000.0,2050000.0,0.0,0,0.0,0.0,3.0,4.0,3.0,3.0,2.0,0.0,0.0,1.0,1.0,0.0,1.0
966,0.0,0.0,27.0,2580000.0,4570000.0,1220000.0,0,0.0,0.47,4.0,1.0,7.0,2.0,2.0,0.0,1.0,0.0,3.0,0.0,1.0
967,1.0,1.0,41.0,4020000.0,420000.0,0.0,0,0.0,0.0,3.0,0.0,0.0,4.0,0.0,1.0,0.0,0.0,11.0,1.0,0.0
968,1.0,1.0,60.0,2040000.0,1520000.0,610000.0,0,0.0,0.3,4.0,1.0,7.0,3.0,1.0,0.0,0.0,1.0,18.0,0.0,0.0
969,0.0,0.0,58.0,3380000.0,3320000.0,0.0,0,0.0,0.0,2.0,9.0,3.0,4.0,3.0,0.0,0.0,1.0,38.0,1.0,1.0
970,1.0,1.0,33.0,6330000.0,4880000.0,2090000.0,0,0.0,0.33,3.0,0.0,0.0,3.0,2.0,1.0,0.0,0.0,7.0,1.0,0.0
971,1.0,1.0,48.0,7390000.0,1060000.0,0.0,0,0.0,0.0,3.0,0.0,0.0,1.0,2.0,1.0,0.0,0.0,30.0,0.0,1.0
972,1.0,0.0,59.0,3570000.0,600000.0,0.0,0,0.0,0.0,4.0,1.0,7.0,1.0,0.0,0.0,0.0,1.0,24.0,0.0,1.0
973,0.0,1.0,60.0,2330000.0,390000.0,0.0,0,0.0,0.0,4.0,1.0,7.0,1.0,3.0,0.0,0.0,1.0,25.0,0.0,1.0
974,0.0,0.0,31.0,5450000.0,2310000.0,0.0,0,0.0,0.0,3.0,0.0,0.0,1.0,3.0,0.0,0.0,1.0,7.0,1.0,0.0
975,0.0,1.0,56.0,4380000.0,4760000.0,0.0,0,0.0,0.0,2.0,9.0,3.0,1.0,3.0,1.0,0.0,1.0,5.0,0.0,1.0
976,1.0,1.0,47.0,5420000.0,1720000.0,1140000.0,0,0.0,0.21,1.0,10.0,4.0,2.0,1.0,1.0,0.0,0.0,6.0,0.0,0.0
977,0.0,1.0,61.0,3710000.0,4400000.0,1560000.0,0,0.0,0.42,3.0,2.0,2.0,4.0,0.0,1.0,0.0,0.0,33.0,0.0,0.0
978,1.0,1.0,36.0,4920000.0,4170000.0,1260000.0,0,0.0,0.26,2.0,8.0,6.0,2.0,0.0,0.0,0.0,0.0,2.0,0.0,1.0
979,1.0,1.0,60.0,5030000.0,1890000.0,1310000.0,0,0.0,0.26,1.0,3.0,5.0,3.0,3.0,0.0,0.0,0.0,36.0,0.0,0.0
980,1.0,1.0,41.0,900000.0,3860000.0,0.0,1,0.0,0.0,5.0,7.0,1.0,1.0,1.0,1.0,0.0,1.0,15.0,0.0,0.0
981,1.0,1.0,33.0,4760000.0,4240000.0,0.0,0,0.0,0.0,2.0,5.0,2.0,1.0,0.0,0.0,0.0,0.0,8.0,0.0,0.0
982,0.0,1.0,65.0,3540000.0,980000.0,0.0,0,0.0,0.0,3.0,2.0,2.0,4.0,0.0,0.0,0.0,1.0,30.0,1.0,0.0
983,1.0,1.0,54.0,6770000.0,1670000.0,0.0,0,0.0,0.0,1.0,10.0,4.0,3.0,3.0,1.0,0.0,0.0,16.0,0.0,0.0
984,0.0,1.0,56.0,2650000.0,4870000.0,540000.0,0,0.0,0.2,2.0,5.0,2.0,4.0,1.0,1.0,0.0,1.0,11.0,0.0,0.0
985,0.0,1.0,51.0,3870000.0,2560000.0,0.0,0,0.0,0.0,3.0,4.0,3.0,3.0,0.0,1.0,0.0,1.0,22.0,0.0,1.0
986,1.0,1.0,53.0,2900000.0,3100000.0,220000.0,0,0.0,0.08,3.0,4.0,3.0,2.0,2.0,1.0,0.0,1.0,9.0,0.0,1.0
987,1.0,0.0,43.0,4940000.0,4230000.0,0.0,0,0.0,0.0,2.0,8.0,6.0,2.0,3.0,1.0,0.0,0.0,11.0,0.0,1.0
988,1.0,1.0,48.0,6410000.0,3200000.0,2590000.0,0,0.0,0.4,1.0,3.0,5.0,4.0,2.0,0.0,0.0,0.0,15.0,1.0,1.0
989,0.0,0.0,28.0,6230000.0,1280000.0,0.0,0,0.0,0.0,1.0,3.0,5.0,4.0,3.0,0.0,0.0,0.0,9.0,0.0,1.0
990,1.0,1.0,61.0,2570000.0,2360000.0,0.0,0,0.0,0.0,4.0,1.0,7.0,3.0,0.0,1.0,0.0,0.0,19.0,1.0,1.0
991,1.0,0.0,28.0,3330000.0,2290000.0,0.0,0,0.0,0.0,4.0,1.0,7.0,3.0,3.0,0.0,0.0,1.0,3.0,0.0,0.0
992,1.0,0.0,48.0,3210000.0,4750000.0,0.0,0,0.0,0.0,4.0,1.0,7.0,3.0,3.0,0.0,0.0,0.0,6.0,1.0,0.0
993,0.0,0.0,42.0,3730000.0,3420000.0,980000.0,0,0.0,0.26,4.0,1.0,7.0,4.0,1.0,0.0,0.0,0.0,21.0,1.0,0.0
994,1.0,1.0,64.0,4360000.0,500000.0,0.0,0,0.0,0.0,1.0,10.0,4.0,2.0,2.0,0.0,0.0,1.0,25.0,0.0,1.0
995,0.0,1.0,34.0,3990000.0,1400000.0,570000.0,0,0.0,0.14,3.0,2.0,2.0,4.0,2.0,0.0,0.0,0.0,12.0,1.0,1.0
996,1.0,1.0,56.0,2720000.0,3450000.0,710000.0,0,0.0,0.26,3.0,4.0,3.0,4.0,3.0,1.0,0.0,1.0,33.0,0.0,1.0
997,0.0,1.0,25.0,2040000.0,2210000.0,460000.0,0,0.0,0.23,4.0,1.0,7.0,4.0,1.0,1.0,0.0,1.0,1.0,0.0,1.0
998,1.0,1.0,34.0,3260000.0,360000.0,0.0,0,0.0,0.0,2.0,8.0,6.0,1.0,1.0,1.0,0.0,1.0,9.0,1.0,0.0
999,1.0,1.0,60.0,4450000.0,3590000.0,0.0,0,0.0,0.0,3.0,4.0,3.0,4.0,0.0,1.0,0.0,0.0,20.0,1.0,1.0
1000,1.0,0.0,33.0,3270000.0,2780000.0,230000.0,0,0.0,0.07,2.0,8.0,6.0,2.0,1.0,0.0,0.0,1.0,0.0,0.0,1.0
